Pub Name,Latitude,Longitude,Street,Locality,Region,Postcode,Telephone,SourceURL
The Conister Arms,54.15110875,-4.47480296,6 Regent Street,Douglas,Isle of Man,IM1 2EA,,
The Blue Bell,55.02763446,-1.52320879,"Edmund Road, Holystone",Newcastle upon Tyne,Newcastle upon Tyne,NE27 0UN,,
The Captain Flinders,51.52897000,-0.13243000,"34–38 Eversholt Street, Euston, Camden",Euston,Camden,NW1 1DA,,
Sanctuary Bar,53.77187400,-0.36577300,"University of Hull, Students’ Union, Student Central, University of Hull, Cottingham Road, Student Central",Kingston Upon Hull,East Riding of Yorkshire,HU6 7RX,,
The Scarsdale Hundred,53.34399000,-1.34952900,"2 Sevenairs Road, Beighton",Sheffield,South Yorkshire,S20 1NZ,,
Stick or Twist,53.80270000,-1.54324800,Merrion Way,Leeds,West Yorkshire,LS2 8PD,,
The Buck Inn,54.34155000,-1.43701000,237–238 High Street,Northallerton,North Yorkshire,DL7 8LU,,
Keavan’s Port,53.33346400,-6.26533200,1 Camden Street Upper,Dublin,County Dublin,D02 TC61,,
The Cross Inn,52.49742000,-2.16848000,High Street,Kingswinford,West Midlands,DY6 8AA,,
The Golden Beam,53.81692790,-1.57093120,"Headingley Lane, Headingley",Leeds,West Yorkshire,LS6 1BL,,
The Sir Alexander Fleming,51.51864200,-0.17346000,"5 Merchant Square, Paddington Basin",Paddington,Westminster,W2 1AS,,
Yr Ieuan Ap Iago,51.71274200,-3.44632200,6 High Street,Aberdare,Rhondda Cynon Taff,CF44 7AA,,
The Justice Mill,57.14336800,-2.10967000,423–425 Union Street,Aberdeen,Aberdeen,AB11 6DA,,
The Archibald Simpson,57.14811800,-2.09364200,5 Castle Street,Aberdeen,Aberdeen,AB11 5BQ,,
The Coliseum,51.82322600,-3.01921400,Lion Street,Abergavenny,Monmouthshire,NP7 5PE,,
The Pontlottyn,51.72983900,-3.13453700,14 Somerset Street,Abertillery,Blaenau Gwent,NP13 1DJ,,
Yr Hen Orsaf,52.41408900,-4.08182500,Alexandra Road,Aberystwyth,Ceredigion,SY23 1LN,,
The Narrows,51.67017600,-1.28344300,25 High Street,Abingdon-on-Thames,Oxfordshire,OX14 5BB,,
The Commercial Hotel,53.75270900,-2.36389200,1 Church Street,Accrington,Lancashire,BB5 2EN,,
The Red Lion & Pineapple,51.50826500,-0.27656600,281 High Street,Acton,Ealing,W3 9BP,,
The Queen Hotel,51.24983500,-0.76763800,1 High Street,Aldershot,Hampshire,GU11 1BH,,
The Avion,52.60342900,-1.91969800,19 Anchor Road,Aldridge,West Midlands,WS9 8PT,,
Waggon and Horses,53.09711600,-1.39028200,9 King Street,Alfreton,Derbyshire,DE55 7AF,,
The Bobbing John,56.11587000,-3.79125100,46 Drysdale Street,Alloa,Clackmannanshire,FK10 1JL,,
The Ivy House,51.14655900,-0.97807400,Draymans Way,Alton,Hampshire,GU34 1SS,,
The Unicorn,53.38416000,-2.35202700,1–7 Ashley Road,Altrincham,Cheshire,WA14 2DP,,
The Bell,51.17211500,-1.78096500,13–15 Salisbury Street,Amesbury,Wiltshire,SP4 7AW,,
The John Russell Fox.,51.20687400,-1.47896300,10 High Street,Andover,Hampshire,SP10 1NY,,
The Corn Exchange,56.55884000,-2.58233100,Market Place,Arbroath,Angus,DD11 1HR,,
The Ernehale,53.00174800,-1.13041700,149–151 Nottingham Road,Arnold,Nottinghamshire,NG5 6JN,,
The Shoulder of Mutton,52.74671200,-1.47357500,2 Market Street,Ashby-de-la-Zouch,Leicestershire,LE65 1AF,,
The County Hotel,51.14903400,0.87514800,10 High Street,Ashford,Kent,TN24 8TD,,
The Rohan Kanhai,55.18341400,-1.56759400,1–4 Woodhorn Road,Ashington,Northumberland,NE63 9UX,,
The Sir Thomas Gerard,53.48681600,-2.63707300,2 Gerard Street,Ashton-in-Makerfield,Lancashire,WN4 9AN,,
The Ash Tree,53.48988800,-2.09235600,9–11 Wellington Road,Ashton-under-Lyne,Lancashire,OL6 6DA,,
The White Hart,51.81539800,-0.80983900,Exchange Street,Aylesbury,Buckinghamshire,HP20 1UR,,
The West Kirk,55.46291600,-4.63393700,58a Sandgate,Ayr,South Ayrshire,KA7 1BX,,
The Exchange,52.06055600,-1.33877000,49–50 High Street,Banbury,Oxfordshire,OX16 5LA,,
The Black Bull Inn,53.22437000,-4.12906000,107 High Street,Bangor,Gwynedd,LL57 1NS,,
The Railway Bell,51.65038100,-0.17300900,13 East Barnet Road,Barnet,Barnet,EN4 8RR,,
The Joseph Bramah,53.55290100,-1.48173500,15 Market Hill,Barnsley,South Yorkshire,S70 2PX,,
The Panniers,51.08076000,-4.05812000,33–34 Boutport Street,Barnstaple,Devon,EX31 1RX,,
The Furness Railway,54.11577600,-3.22795400,76–80 Abbey Road,Barrow-in-Furness,Cumbria,LA14 5UB,,
The Sir Samuel Romilly,51.39849600,-3.28439300,Romilly Buildings,Barry,Vale of Glamorgan,CF62 7AU,,
"Sigered, King of Essex",51.57015000,0.45908000,"8–10 East Walk, Eastgate Shopping Centre",Basildon,Essex,SS14 1HG,,
The Angel,51.26556700,-1.08546900,"Lower Ground, Festival Place",Basingstoke,Hampshire,RG21 7BB,,
The Maidenhead Inn,51.26235600,-1.08756600,17 Winchester Street,Basingstoke,Hampshire,RG21 7ED,,
The King of Wessex,51.38097900,-2.36458200,5–10 James Street West,Bath,Somerset,BA1 2BX,,
The Union Rooms,53.71263700,-1.62858800,4 Hick Lane,Batley,West Yorkshire,WF17 5HW,,
The London and South Western,51.46402900,-0.16748500,"276–288 Lavender Hill, Clapham Junction",Battersea,Wandsworth,SW11 1LJ,,
The Chiltern,51.61098000,-0.64577000,12 Station Road,Beaconsfield,Buckinghamshire,HP9 1QR,,
The Kings Head Hotel,52.45755800,1.56315200,4–6 New Market,Beccles,Suffolk,NR34 9HA,,
The Pilgrim’s Progress,52.13602100,-0.47171800,42 Midland Road,Bedford,Bedfordshire,MK40 1QB,,
The Red Lion,55.13134500,-1.60047700,Front Street West,Bedlington,Northumberland,NE22 5TZ,,
The Bear & Ragged Staff,52.47960700,-1.47106900,50 King Street,Bedworth,Warwickshire,CV12 8JA,,
The Last Post,52.92635200,-1.21682000,Chilwell Road,Beeston,Nottinghamshire,NG9 1AA,,
The Bridge House,54.59301300,-5.93180800,35–43 Bedford Street,Belfast,County Antrim,BT2 7EJ,,
The Crown,51.75979500,-0.56315400,145 High Street,Berkhamsted,Hertfordshire,HP4 3HH,,
The Cross Keys,53.84292000,-0.43335200,6–8 Lairgate,Beverley,East Riding of Yorkshire,HU17 8EE,,
George Hotel,52.37577000,-2.31542800,Load Street,Bewdley,Worcestershire,DY12 2AW,,
The Picture Playhouse,50.84022110,0.46910420,36/38 Western Road,Bexhill-on-Sea,East Sussex,TN40 1DY,,
The Furze Wren,51.45660500,0.14767300,1 Mayplace Road West,Bexleyheath,Bexley,DA7 4JD,,
The Wrong ’Un,51.45774500,0.13744700,234–236 The Broadway,Bexleyheath,Bexley,DA6 8AS,,
The Penny Black,51.89881700,-1.15171300,58 Sheep Street,Bicester,Oxfordshire,OX26 6JW,,
The Bradley Green,53.11571500,-2.17633100,68 High Street,Biddulph,Staffordshire,ST8 6AS,,
The Rose Salterne,51.01990100,-4.20585400,9–10 Bridgeland Street,Bideford,Devon,EX39 2PZ,,
The Crown Hotel,52.08690510,-0.26490700,23 High Street,Biggleswade,Bedfordshire,SG18 0JE,,
The Blue Boar,51.62691400,0.41851900,39 High Street,Billericay,Essex,CM12 9BA,,
The Half Moon Inn,54.60737900,-1.29410200,11–21 West Precinct,Billingham,Stockton-on-Tees,TS23 2NW,,
The Sir Henry Newbolt,52.56404800,-2.08030500,45–47 High Street,Bilston,West Midlands,WV14 0EP,,
The Butter Cross,52.95265300,-0.95165500,Market Place,Bingham,Nottinghamshire,NG13 8AP,,
The Myrtle Grove,53.84726200,-1.83736200,141 Main Street,Bingley,West Yorkshire,BD16 1AJ,,
The Brass Balance,53.39238300,-3.01808800,39–47 Argyle Street,Birkenhead,Merseyside,CH41 6AB,,
Wetherspoons,52.45153000,-1.72188000,Birmingham NEC,Birmingham,West Midlands,B40 1NT,,
The Navigation Inn,52.40783480,-1.92662486,"1 Wharf Road, Kings Norton",Birmingham,Birmingham,B30 3LS,,
The London and North Western,52.47800000,-1.89900000,"Birmingham New Street station, Smallbrook Queensway",Birmingham,Birmingham,B2 4QE,,
The William Tyler,52.46743800,-1.80855100,"140 Church Road, Yardley",Birmingham,West Midlands,B25 8UT,,
The Black Horse,52.41192200,-1.97342300,"Bristol Road South, Northfield",Birmingham,West Midlands,B31 2QT,,
"Wetherspoon, Birmingham Airport",52.45334400,-1.73261800,Birmingham Airport (after security),Birmingham,Birmingham,B26 3QJ,,
The Arthur Robertson,52.51692100,-1.90260200,"Walsall Road, Perry Barr",Birmingham,West Midlands,B42 1AA,,
The Dragon Inn,52.47427100,-1.89664600,Hurst Street,Birmingham,West Midlands,B5 4TD,,
The Soloman Cutler,52.47812400,-1.91008200,"Regency Wharf, Broad Street",Birmingham,West Midlands,B1 2DS,,
The Hornet,52.49271600,-1.81948700,"991 Alum Rock Road, Ward End",Birmingham,West Midlands,B8 2LY,,
The Charlie Hall,52.52424900,-1.83997000,"49 Barnabas Road, Erdington",Birmingham,West Midlands,B23 6SH,,
The Briar Rose,52.47991800,-1.90019300,25 Bennetts Hill,Birmingham,West Midlands,B2 5RE,,
The Spread Eagle,52.44673000,-1.81966500,"1146a  Warwick Road, Acocks Green",Birmingham,West Midlands,B27 6BL,,
The Figure of Eight,52.47656500,-1.91231200,236–239 Broad Street,Birmingham,West Midlands,B1 2HG,,
The Square Peg,52.48187400,-1.89495300,115 Corporation Street,Birmingham,West Midlands,B4 6PH,,
The Stanley Jefferson,54.66530300,-1.67308800,5 Market Place,Bishop Auckland,County Durham,DL14 7NJ,,
The Port Jackson,51.86916700,0.16210400,"Riverside Wharf, Riverside",Bishop’s Stortford,Hertfordshire,CM23 3GN,,
The Postal Order,53.74671200,-2.48247300,15–19 Darwen Street,Blackburn,Lancashire,BB2 2BY,,
The Velvet Coaster,53.79485300,-3.05606700,501–507 Promenade,Blackpool,Lancashire,FY4 1BA,,
The Albert and The Lion,53.81691900,-3.05505800,Bank Hey Street,Blackpool,Lancashire,FY1 4RU,,
The Layton Rakes,53.81825600,-3.05512200,17–25 Market Street,Blackpool,Lancashire,FY1 1ET,,
The Sirhowy,51.66932300,-3.19552700,61–63 High Street,Blackwood,Caerphilly,NP12 1BA,,
The Fair O’Blair,56.59261400,-3.33840200,25–29 Allan Street,Blairgowrie,Perth and Kinross,PH10 6AB,,
Captain Ridley’s Shooting Party,51.99577600,-0.72630800,"183–185 Queensway, Bletchley",Milton Keynes,Buckinghamshire,MK2 2ED,,
The Bloxwich Showman,52.61478000,-2.00417100,156A High Street,Bloxwich,West Midlands,WS3 3JT,,
The Wallaw,55.12657200,-1.50804100,14 Union Street,Blyth,Northumberland,NE24 2DX,,
The Hatter’s Inn,50.78317500,-0.67554000,2–10 Queensway,Bognor Regis,West Sussex,PO21 1QT,,
The Spinning Mule,53.57747300,-2.42683000,Nelson Square,Bolton,Greater Manchester,BL1 1JT,,
"The Moon Under Water, Boston",52.97669200,-0.02440400,6 High Street,Boston,Lincolnshire,PE21 8SH,,
The Raymond Mays,52.76957000,-0.37678000,44–48 North Street,Bourne ,Lincolnshire,PE10 9AB,,
The Mary Shelley,50.72063800,-1.87610000,St Peters Quarter,Bournemouth,Dorset,BH1 2AD,,
The Parkstone and Heatherlands,50.74335400,-1.87856800,"433–437 Wimborne Road, Winton",Bournemouth,Dorset,BH9 2AN,,
The Moon in the Square,50.71806300,-1.88049400,4–8 Exeter Road,Bournemouth,Dorset,BH2 5AQ,,
The Old Manor,51.41656900,-0.74536600,Grenville Place,Bracknell,Berkshire,RG12 1BP,,
The Turls Green,53.79303200,-1.75483800,Centenary Square,Bradford,West Yorkshire,BD1 1HY,,
The Picture Palace,51.87717200,0.55356200,Fairfield Road,Braintree,Essex,CM7 3HA,,
The George Hotel,51.94873090,-3.39341780,George Street,Brecon,Powys,LD3 7LD,,
The Dairyman,51.62081200,0.30449200,16–18 High Street,Brentwood,Essex,CM14 4AB,,
The Wyndham Arms Hotel,51.50663900,-3.57927000,Dunraven Place,Bridgend,Bridgend,CF31 1JE,,
The Jewel of the Severn,52.53672100,-2.42022300,80–81 High Street,Bridgnorth,Shropshire,WV16 4DS,,
The Carnival Inn,51.12746200,-3.00407800,37 St Mary Street,Bridgwater,Somerset,TA6 3LY,,
The Prior John,54.08365100,-0.18799900,34–36 Promenade,Bridlington,East Riding of Yorkshire,YO15 2QD,,
The Greyhound,50.73349600,-2.75789900,2 East Street,Bridport,Dorset,DT6 3LF,,
Abraham Darby,52.47942600,-2.11140700,"Merry Hill Centre, Merry Hill",Brierley Hill,West Midlands,DY5 1QX,,
The Waterfront Inn,52.48568800,-2.11440700,"6–7 Waterfront East, Level Street",Brierley Hill,West Midlands,DY5 1XG,,
The White Horse,53.55240000,-0.48876300,Wrawby Street ,Brigg,Lincolnshire,DN20 8JR,,
The Richard Oastler,53.70140100,-1.77992600,Bethel Street,Brighouse,West Yorkshire,HD6 1JN,,
The Post & Telegraph,50.82298800,-0.14044600,155–158 North Street,Brighton,East Sussex,BN1 1EA,,
The West Quay,50.81215000,-0.10521700,Brighton Marina Village,Brighton,East Sussex,BN2 5UT,,
The Bright Helm,50.82281200,-0.14441800,20–22a West Street,Brighton,East Sussex,BN1 2RE,,
The W. G. Grace,51.46285900,-2.60874900,71–73 Whiteladies Road,Bristol,Bristol,BS8 2NT,,
The Knights Templar,51.45082800,-2.58206400,"1 The Square, Temple Quay",Bristol,Bristol,BS1 6DG,,
V-Shed,51.44983800,-2.59874900,"The Waterfront, Canons Road",Bristol,Bristol,BS1 5UH,,
The Staple Hill Oak,51.48119400,-2.51011800,"84–86 High Street, Staple Hill",Bristol,Bristol,BS16 5HN,,
The Kingswood Colliers,51.46238600,-2.50689300,"94–96 Regent Street, Kingswood",Bristol,Bristol,BS15 8HP,,
The Van Dyck Forum,51.47966100,-2.53028900,748–756 Fishponds Road,Bristol,Bristol,BS16 3UA,,
Robert Fitzharding,51.44112900,-2.60094300,"24 Cannon Street, Bedminster",Bristol,Bristol,BS3 1BN,,
The Berkeley,51.45586600,-2.60520800,"15–19 Queens Road, Clifton",Bristol,Bristol,BS8 1QE,,
The Commercial Rooms,51.45445400,-2.59442800,43–45 Corn Street,Bristol,Bristol,BS1 1HT,,
The Vigilance,50.39370400,-3.51598200,5 Bolton Street,Brixham,Devon,TQ5 9DE,,
The Beehive,51.46375200,-0.11451400,407–409 Brixton Road,Brixton,Lambeth,SW9 7DG,,
The Brockley Barge,51.46413800,-0.03641700,184 Brockley Road,Brockley,Lewisham,SE4 2RR,,
The Greyhound,51.40637100,0.01323300,205 High Street,Bromley,Bromley,BR1 1NY,,
The Richmal Crompton,51.39967100,0.01674400,23 Westmoreland Place,Bromley,Bromley,BR1 1DS,,
Golden Cross Hotel,52.33391800,-2.06178700,20 High Street,Bromsgrove,Worcestershire,B61 8HH,,
Jolly’s Hotel,56.46619500,-2.87362300,43A Gray Street,Broughty Ferry,Dundee City,DD5 2BJ,,
The Six Gold Martlets,50.95620300,-0.13175500,49–51 Church Walk,Burgess Hill,West Sussex,RH15 9BQ,,
The Reeds Arms,51.23429000,-2.99876100,1 Pier Street,Burnham-on-Sea,Somerset,TA8 1BT,,
The Boot Inn,53.78898500,-2.24075800,18 St James’ Street,Burnley,Lancashire,BB11 1NG,,
The Lord Burton,52.80299200,-1.62950100,154 High Street,Burton upon Trent,Staffordshire,DE14 1JE,,
The Art Picture House,53.59145000,-2.29826200,36 Haymarket Street,Bury,Greater Manchester,BL9 0AY,,
The Corn Exchange,52.24472300,0.71227600,Abbeygate Street,Bury St Edmunds,Suffolk,IP33 1UL,,
The Wye Bridge House,53.25941200,-1.90530200,Fairfield Road,Buxton,Derbyshire,SK17 7DJ,,
Tafarn Y Porth,53.14070600,-4.27480100,5–9 Eastgate Street,Caernarfon,Gwynedd,LL55 1AG,,
The Malcolm Uphill,51.57221000,-3.21979400,87–91 Cardiff Road,Caerphilly,Caerphilly,CF83 1FQ,,
The Claude du Vall,51.33719200,-0.74368700,77–81 High Street,Camberley,Surrey,GU15 3RB,,
The Fox on the Hill,51.46486500,-0.09002000,149 Denmark Hill,Camberwell,Southwark,SE5 8EH,,
The John Francis Basset,50.21362400,-5.30104100,Commercial Street,Camborne,Cornwall,TR14 8JZ,,
The Regal,52.20293600,0.12387200,38–39 St Andrews Street,Cambridge,Cambridgeshire,CB2 3AR,,
The John Fairweather,55.81872700,-4.16577400,52–58 Main Street,Cambuslang,South Lanarkshire,G72 7EP,,
The Ice Wharf,51.54087400,-0.14566400,"28A/28B Jamestown Road, 28 Jamestown Rd",Camden,Camden,NW1 7BY,,
The Linford Arms,52.68947400,-2.03221900,79 Market Place,Cannock,Staffordshire,WS11 1BN,,
The West Gate Inn,51.28196900,1.07566500,1–3 North Lane,Canterbury,Kent,CT2 7EB,,
The Thomas Ingoldsby,51.27842900,1.08350400,5–9 Burgate,Canterbury,Kent,CT1 2HG,,
The Mount Stuart,51.46272400,-3.16665100,"Landsea House, Stuart Place",Cardiff,Cardiff,CF10 5BU,,
The Aneurin Bevan,51.50761400,-3.19985400,Caerphilly Road,Cardiff,Cardiff,CF14 4AD,,
The Great Western,51.47659600,-3.17689000,64 St Mary Street,Cardiff,Cardiff,CF10 1FA,,
The Central Bar,51.48334100,-3.17294800,39 Windsor Place,Cardiff,Cardiff,CF10 3BW,,
The Gatekeeper,51.48014800,-3.18192500,9–10 Westgate Street,Cardiff,Cardiff,CF10 1DD,,
The Ernest Willows,51.48568400,-3.16561700,"2–12 City Road, Roath",Cardiff,Cardiff,CF24 3DL,,
The Ivor Davies,51.48133000,-3.20031600,243–249 Cowbridge Road East,Cardiff,Cardiff,CF11 9AN,,
The Prince of Wales,51.47765800,-3.17789800,81–83 St Mary Street,Cardiff,Cardiff,CF10 1FA,,
The William Rufus,54.89132000,-2.93191700,10–16 Botchergate,Carlisle,Cumbria,CA1 1QS,,
Woodrow Wilson,54.89075600,-2.93070500,48 Botchergate,Carlisle,Cumbria,CA1 1QS,,
Yr Hen Dderwen,51.85705200,-4.30499600,47–48 King Street,Carmarthen,Carmarthenshire,SA31 1BH,,
The Central Bar,54.71459300,-5.80639900,13–15 High Street,Carrickfergus,County Antrim,BT38 7AN,,
The Winter Seam,53.71017300,-1.34189600,"Xscape, Colorado Way",Castleford,West Yorkshire,WF10 4TA,,
The Glass Blower,53.72694100,-1.35385300,15 Bank Street,Castleford,West Yorkshire,WF10 1JD,,
The Eva Hart,51.57041900,0.13027000,1128 High Road,Chadwell Heath,Redbridge,RM6 4AH,,
The Cerdic,50.87311200,-2.96261000,47 Fore Street,Chard,Somerset,TA20 1PT,,
The Thomas Waghorn,51.38215900,0.52270400,14 Railway Street,Chatham,Kent,ME4 4JL,,
The Wheatsheaf,52.98678200,-1.98975300,53 High Street,Cheadle,Staffordshire,ST10 1AR,,
The Ivory Peg,51.73253200,0.47330200,3–7 New London Road,Chelmsford,Essex,CM2 0SW,,
The Bank House,51.90089500,-2.07585800,15–21 Clarence Street,Cheltenham,Gloucestershire,GL50 3JL,,
"The Moon Under Water, Cheltenham",51.89752100,-2.07248300,16–28 Bath Road,Cheltenham,Gloucestershire,GL53 7HA,,
The Bell Hanger,51.64258600,-2.67366000,9–10 St Mary Street,Chepstow,Monmouthshire,NP16 5EW,,
The Bull and Stirrup Hotel,53.19439860,-2.89543160,8 Upper Northgate Street,Chester,Cheshire,CH1 4EE,,
The Square Bottle,53.19146700,-2.88426600,78–92 Foregate Street,Chester,Cheshire,CH1 1HB,,
The Pillar of Rock,53.22988400,-1.29381900,"15 Castle Street, Bolsover",Chesterfield,Derbyshire,S44 6PP,,
Spa Lane Vaults,53.23522500,-1.42415300,34 St Mary’s Gate,Chesterfield,Derbyshire,S41 7TH,,
The Portland Hotel,53.23519600,-1.43116500,West Bars,Chesterfield,Derbyshire,S40 1AY,,
The Wicket Gate,54.85213900,-1.57339100,193 Front Street,Chester-le-Street,County Durham,DH3 3AX,,
The Dolphin & Anchor,50.83667600,-0.77996800,West Street,Chichester,West Sussex,PO19 1QD,,
The Kings Ford,51.61634800,-0.01728200,250–252 Chingford Mount Road,Chingford,Waltham Forest,E4 8JL,,
The Bridge House,51.45839000,-2.11788800,Borough Parade,Chippenham,Wiltshire,SN15 3WL,,
The Sir Henry Tate,53.65394900,-2.63057400,New Market Street,Chorley,Lancashire,PR7 1DB,,
The Sedge Lynn,53.44423700,-2.27864000,21a Manchester Road,Chorlton-cum-Hardy,Manchester,M21 9PN,,
The Crosse Keys,51.51267000,-0.08471000,9 Gracechurch Street,City of London,City of London,EC3V 0DR,,
Hamilton Hall,51.51764300,-0.08096300,"Liverpool Street station, Street-level Concourse, Liverpool Street Station",City of London,City of London,EC2M 7PY,,
Moon and Starfish,51.78760800,1.15421700,1 Marine Parade East,Clacton-on-Sea,Essex,CO15 1PU,,
The Obediah Brooke,53.72462200,-1.71240100,19 Bradford Road,Cleckheaton,West Yorkshire,BD19 3JH,,
The Coliseum Picture Theatre,53.56076800,-0.03108500,26–28 High Street,Cleethorpes,Lincolnshire,DN35 8JN,,
The Jolly Tars,53.87635800,-3.03727100,154–158 Victoria Road West,Thornton-Cleveleys,Lancashire,FY5 3NE,,
The Monkey Walk,52.72350400,-1.37432700,1 Marlborough Square,Coalville,Leicestershire,LE67 3WD,,
The Playhouse,51.88761800,0.89691600,4 St Johns Street,Colchester,Essex,CO2 7AA,,
"The Moon Under Water, Colindale",51.58735300,-0.25104600,"10 Varley Parade, The Hyde",Colindale,Barnet,NW9 6RR,,
The Colley Rowe Inn,51.59888000,0.16089800,54–56 Collier Row Road,Collier Row,Havering,RM5 3PA,,
The Wallace Hartley,53.85670900,-2.17044300,35–37 Church Street,Colne,Lancashire,BB8 0EB,,
The Picture House,53.29671200,-3.72780100,24–26 Prince’s Drive,Colwyn Bay,Conwy,LL29 8LA,,
The Counting House,53.16378300,-2.21467100,18 Swan Bank,Congleton,Cheshire,CW12 1AH,,
The Company Row,54.85203900,-1.83078700,"The Victoria Centre, Victoria Road",Consett,County Durham,DH8 5BQ,,
The Saxon Crown,52.48705800,-0.69931700,100 Elizabeth Street,Corby,Northamptonshire,NN17 1FN,,
The Samuel Lloyd,52.50754400,-0.70602000,"Rockingham Leisure Park, Princewood Road",Corby,Northamptonshire,NN17 4AP,,
The First Post,50.84487800,-1.06715900,42 High Street,Cosham,Hampshire,PO6 3AG,,
The Earl of Mercia,52.40713000,-1.50856700,18 High Street,Coventry,West Midlands,CV1 5RE,,
The City Arms,52.39965000,-1.53071700,"1 Earlsdon Street, Earlsdon",Coventry,West Midlands,CV5 6EP,,
The Flying Standard,52.40906800,-1.50948600,2–10  Trinity Street,Coventry,West Midlands,CV1 1FL,,
"The Moon Under Water, Cradley Heath",52.47210300,-2.08246600,164–166 High Street,Cradley Heath,West Midlands,B64 5HJ,,
The New Moor Farm,55.06538000,-1.58132000,"Moor Farm, Annitsford",Cramlington,Tyne and Wear,NE23 7QA,,
John The Clerk of Cramlington,55.08658900,-1.58512800,Low Main Place,Cramlington,Northumberland,NE23 1DN,,
The Beehive,51.15599000,-0.16304900,"Gatwick Airport, South Terminal (before security)",Crawley,West Sussex,RH6 0NQ,,
The Jubilee Oak,51.11538300,-0.19036900,"6 Grand Parade, High Street",Crawley,West Sussex,RH10 1BU,,
The Red Lion,51.16129900,-0.17912100,"Gatwick Airport, North Terminal (after security)",Crawley,West Sussex,RH6 0PJ,,
The Beaten Docket,51.55352900,-0.21152500,50–56 Cricklewood Broadway,Cricklewood,Barnet,NW2 3ET,,
The Horse Shoe Inn,54.71501600,-1.74310000,4 Church Street,Crook,County Durham,DL15 9BG,,
The Charles Henry Roe,53.80730800,-1.44693000,"39/41 Austhorpe Road, Cross Gates",Leeds,West Yorkshire,LS15 8BA,,
The Crowborough Cross,51.06050500,0.16160700,Beacon Road,Crowborough,East Sussex,TN6 1AF,,
Coombe Lodge,51.36253042,-0.07155773,104 Coombe Road,Croydon,Croydon,CR0 5RB,,
The George,51.37405000,-0.09843900,17–21 George Street,Croydon,Croydon,CR0 1LA,,
The John Fielding,51.65540400,-3.02056800,1 Caradoc Road,Cwmbran,Torfaen,NP44 1PP,,
The William Stead,54.52557500,-1.55260700,8 Crown Street,Darlington,County Durham,DL1 1LU,,
The Tanners Hall,54.52558000,-1.55723500,63–64 Skinnergate,Darlington,County Durham,DL3 7LL,,
The Flying Boat,51.44474500,0.21479300,36–42 Spital Street,Dartford,Kent,DA1 2DT,,
The Old Chapel,53.69600600,-2.46543700,Railway Road,Darwen,Lancashire,BB3 2RJ,,
The Saracens Head Inn,52.25766800,-1.16451500,1 Brook Street,Daventry,Northamptonshire,NN11 4GG,,
The Sir Norman Wisdom,51.22309200,1.40174700,18–20 Queens Street,Deal,Kent,CT14 6ET,,
The Babington Arms,52.91915500,-1.47633200,11–13 Babington Lane,Derby,Derbyshire,DE1 1TA,,
The Standing Order,52.92416300,-1.47816500,28–32 Iron Gate,Derby,Derbyshire,DE1 3GL,,
The Romany Rye,52.68098300,0.93935400,Church Street,Dereham,Norfolk,NR19 1DL,,
The Silk Mercer,51.35175600,-1.99535500,St Johns Street,Devizes,Wiltshire,SN10 1BL,,
The Ledger Building,51.50756300,-0.02454400,"4 Hertsmere Road, West India Quay",Docklands,London,E14 4AL,,
The Red Lion,53.52395700,-1.13255400,37–38 Market Place,Doncaster,South Yorkshire,DN1 1NH,,
The Gate House,53.52246600,-1.13400200,"Priory Walk, High Street",Doncaster,South Yorkshire,DN1 1TS,,
The Royal Oak,50.71518700,-2.43914300,21–22 High West Street,Dorchester,Dorset,DT1 1UW,,
The Eight Bells,51.12580500,1.31259200,19 Cannon Street,Dover,Kent,CT16 1BZ,,
The Whalebone,52.60295000,0.37382100,58–64 Bridge Street,Downham Market,Norfolk,PE38 9DJ,,
The Benjamin Fawcett,54.00633100,-0.44033800,Middle Street North,Driffield,East Riding of Yorkshire,YO25 6SW,,
The Silver Penny,53.34906700,-6.25617100,12A/12C Abbey Street Lower,Dublin,County Dublin,D01 X593,,
The South Strand,53.34426650,-6.23801340,"1 Hanover Quay, Grand Canal",Dublin,County Dublin,D02 E295,,
The Great Wood,53.38916700,-6.38894200,"Westend Commercial Village, Blanchardstown",Dublin,County Dublin,D15 ED86,,
The Full Moon,52.50942500,-2.08445500,58–60 High Street,Dudley,West Midlands,DY1 1PY,,
The Captain James Lang,55.94322800,-4.57142900,97–99 High Street,Dumbarton,West Dunbartonshire,G82 1LF,,
Robert the Bruce,55.07030400,-3.61340800,81–83 Buccleuch Street,Dumfries,Dumfries and Galloway,DG1 1DJ,,
The Forty Foot,53.29414200,-6.13364500,"The Pavilion Centre, Marine Road",Dún Laoghaire,County Dublin,A96 P862,,
The Counting House,56.46206600,-2.97183900,67–71 Reform Street,Dundee,Dundee City,DD1 1SP,,
The Guildhall & Linen Exchange,56.07133900,-3.46136600,79–83 High Street,Dunfermline,Fife,KY12 7DR,,
The Gary Cooper,51.88970200,-0.52118600,"Grove Park, Court Drive",Dunstable,Bedfordshire,LU5 4GP,,
The Bishops’ Mill,54.77795500,-1.57528600,Walkergate Leisure,Durham,County Durham,DH1 1SQ,,
The Sir Michael Balcon,51.51360300,-0.29876800,46–47 The Mall,Ealing,Ealing,W5 3TJ,,
The Gateway,53.40801900,-2.22042100,882 Wilmslow Road,East Didsbury,Greater Manchester,M20 5PG,,
The Ounce & Ivy Bush,51.12647600,-0.00877300,"The Atrium, Little King Street",East Grinstead,West Sussex,RH19 3DJ,,
The Hay Stook,55.76109940,-4.17676910,26–36 Princes Mall,East Kilbride,South Lanarkshire,G74 1JU,,
The London & County,50.76883200,0.28154900,46 Terminus Road,Eastbourne,East Sussex,BN21 3LX,,
Cornfield Garage,50.76760200,0.28455500,21–23 Cornfield Road,Eastbourne,East Sussex,BN21 4QD,,
The Wagon Works,50.96944300,-1.35060200,28 Southampton Road,Eastleigh,Hampshire,SO50 9FJ,,
The Picture House,51.77965000,-3.20761800,Market Street,Ebbw Vale,Blaenau Gwent,NP23 6HP,,
The Eccles Cross,53.48322900,-2.33466300,13 Regent Street,Eccles,Manchester,M30 0BP,,
The Caley Picture House,55.94822830,-3.20837800,31 Lothian Road,Edinburgh,Edinburgh,EH1 2DJ,,
The Booking Office,55.95263100,-3.19129400,17 Waverley Bridge,Edinburgh,Edinburgh,EH1 1BQ,,
The White Lady,55.94290300,-3.28252100,"98 St John’s Road, Corstorphine",Edinburgh,Edinburgh,EH12 8AT,,
The Sir Walter Scott,55.94886200,-3.36294500,"Edinburgh Airport (after security), Unit C170",Edinburgh,Edinburgh,EH12 9DN,,
The Alexander Graham Bell,55.95199500,-3.20533300,128 George Street,Edinburgh,Edinburgh,EH2 4JZ,,
The Playfair,55.95646300,-3.18587000,"Omni Centre, Leith Walk",Edinburgh,Edinburgh,EH1 3AJ,,
The Standing Order,55.95297800,-3.19970200,62–66 George Street,Edinburgh,Edinburgh,EH2 2LR,,
The Rockingham Arms,51.49608200,-0.09972700,"Metro Central Heights, 119 Newington Causeway",Elephant and Castle,Southwark,SE1 6BN,,
The Muckle Cross,57.64890500,-3.31246700,34 High Street,Elgin,Moray,IV30 1BU,,
The Wheatsheaf,53.28285200,-2.92320800,43 Overpool Road,Ellesmere Port,Cheshire,CH66 3LN,,
Emersons Green,51.49841166,-2.48055221,"200–202 Westerleigh Road, Emersons Green",Bristol,Bristol,BS16 7AN,,
"The Moon Under Water, Enfield",51.65878200,-0.08775900,115–117 Chase Side,Enfield,Enfield,EN2 6NN,,
The Assembly Rooms,51.33276200,-0.27000900,147–153 High Street,Epsom,Surrey,KT19 8EH,,
The Old Swanne Inne,52.09427200,-1.94645600,66 High Street,Evesham,Worcestershire,WR11 4HG,,
The Chevalier Inn,50.72220200,-3.53290000,81–82 Fore Street,Exeter,Devon,EX4 3HR,,
The Sawyer’s Arms,50.71533900,-3.54411700,121 Cowick Street,Exeter,Devon,EX4 1JD,,
George’s Meeting House,50.72056500,-3.53004400,38 South Street,Exeter,Devon,EX1 1ED,,
The Imperial,50.73020700,-3.53966900,New North Road,Exeter,Devon,EX4 4AH,,
The Powder Monkey,50.62033000,-3.41370200,2–2a The Parade,Exmouth,Devon,EX8 1RJ,,
The New Fairlop Oak,51.59412100,0.08513800,Fencepiece Road,Fairlop,Redbridge,IG6 2JP,,
The Limes,52.82866700,0.84852500,30 Bridge Street,Fakenham,Norfolk,NR21 9AZ,,
The Carron Works,56.00012700,-3.78306700,18–20 Bank Street,Falkirk,Falkirk,FK1 1NB,,
The Packet Station,50.15478600,-5.07306800,4 The Moor,Falmouth,Cornwall,TR11 3QA,,
The Crown Inn,50.85233300,-1.17694900,40 West Street,Fareham,Hampshire,PO16 0JW,,
The Tilly Shilling,51.29343800,-0.75670700,"The Meads, Victoria Road",Farnborough,Hampshire,GU14 7PG,,
The Sir John Oldcastle,51.51981600,-0.10588200,29–35 Farringdon Road,Farringdon,Farringdon,EC1M 3JF,,
The Leading Light,51.31375600,0.89108300,20–22 Preston Street,Faversham,Kent,ME13 8NZ,,
The Moon on the Square,51.44636000,-0.41008900,"The Centre, High Street",Feltham,Hounslow,TW13 4AU,,
The Prince Arthur,51.27885800,-0.84502700,238 Fleet Road,Fleet,Hampshire,GU51 4BX,,
The Thomas Drummond,53.92190600,-3.01160700,London Street,Fleetwood,Lancashire,FY7 6JE,,
The Samuel Peto,51.08059600,1.18142000,"23 Rendezvous Street, Baptist Galleries",Folkestone,Kent,CT20 1EY,,
The Lifeboat,53.55628530,-3.05953710,"41A Three Tuns Lane, Formby",Liverpool,Merseyside,L37 4AQ,,
The Great Glen,56.81644400,-5.11381000,104 High Street,Fort William,Highland,PH33 6AD,,
Walham Green,51.48040000,-0.19488000,472 Fulham Road,Fulham,Hammersmith & Fulham,SW6 1BY,,
The Sweyn Forkbeard,53.39845400,-0.77703300,22–24 Silver Street,Gainsborough,Lincolnshire,DN21 2DP,,
Hunters Hall,55.61789000,-2.81106600,56–58 High Street,Galashiels,Scottish Borders,TD1 1SE,,
The Tilley Stone,54.96173700,-1.60218900,Jackson Street,Gateshead,Tyne and Wear,NE8 1ED,,
Wetherspoons,54.95764100,-1.66855500,"85 Russell Way, Metrocentre",Gateshead,Tyne and Wear,NE11 9XX,,
The Flying Horse,51.15599000,-0.16304900,"Gatwick Airport, South Terminal (after security), Crawley",Crawley,West Sussex,RH6 0NN,,
Black Bear,55.83698470,-4.11022489,"2 Calderpark, Uddingston",Glasgow,Glasgow,G71 7SA,,
The Lord of the Isles,55.87594100,-4.36480100,"King’s Inch Road, Renfrew",Renfrew,Renfrewshire,PA4 8XQ,,
The Kirky Puffer,55.93817700,-4.15458900,"1–11 Townhead, Kirkintilloch",Glasgow,Glasgow,G66 1NG,,
The Society Room,55.86229400,-4.25708900,151 West George Street,Glasgow,Glasgow,G2 2JJ,,
The Sir John Moore,55.85875100,-4.25987900,260–292 Argyle Street,Glasgow,Glasgow,G2 8QW,,
The Hengler’s Circus,55.86569000,-4.26670000,351–363 Sauchiehall Street,Glasgow,Glasgow,G2 3HU,,
The Esquire House,55.88847200,-4.32172400,"Esquire House, 1487 Great Western Road",Glasgow,Glasgow,G12 0AU,,
The Crystal Palace,55.85751800,-4.25731300,36 Jamaica Street,Glasgow,Glasgow,G1 4QD,,
The Counting House,55.86102300,-4.25180000,2 St Vincent Place,Glasgow,Glasgow,G1 2DH,,
The Golden Acorn,56.19586300,-3.16762500,1 North Street,Glenrothes,Fife,KY7 5NA,,
The Smithy Fold,53.44265300,-1.94894600,"Howard Town Shopping Park, Victoria Street",Glossop,Derbyshire,SK13 8HS,,
The Lord High Constable of England,51.86170800,-2.25314700,"Llanthony Warehouse, Llanthony Road, Gloucester Docks",Gloucester,Gloucestershire,GL1 2EH,,
The Regal,51.86581000,-2.24272200,"33 St Aldate Street, Kings Square",Gloucester,Gloucestershire,GL1 1RP,,
The Jack Phillips,51.18570900,-0.61221700,48–56 High Street,Godalming,Surrey,GU7 1DY,,
The City and County,53.70353000,-0.87117700,Market Square,Goole,East Riding of Yorkshire,DN14 5DR,,
The William Adams,52.58048800,1.72820100,"176 High Street, Gorleston-on-Sea",Great Yarmouth,Norfolk,NR31 6RG,,
The Star,50.79536900,-1.12112600,28–29 High Street ,Gosport,Hampshire,PO12 1DF,,
The Tollemache Inn,52.90984100,-0.63982400,17 St Peter’s Hill,Grantham,Lincolnshire,NG31 6PY,,
The Robert Pocock,51.44233000,0.36922700,181–183 Windmill Street,Gravesend,Kent,DA12 1AH,,
The Foley Arms Hotel,52.11248200,-2.33003700,14 Worcester Road,Great Malvern,Worcestershire,WR14 4QS,,
The Troll Cart,52.60721600,1.72944600,7–9 Regent Road,Great Yarmouth,Norfolk,NR30 2AF,,
The James Watt,55.94680800,-4.75362700,80–92 Cathcart Street,Greenock,Inverclyde,PA15 1DD,,
The Gate Clock,51.48148900,-0.01113200,"Cutty Sark for Maritime Greenwich, 210 Creek Road",Greenwich,Greenwich,SE10 9RB,,
Yarborough Hotel,53.56393400,-0.08739500,29 Bethlehem Street,Grimsby,Lincolnshire,DN31 1JN,,
The Rodboro Buildings,51.23673200,-0.57761000,1–10 Bridge Street,Guildford,Surrey,GU1 4SB,,
The Ironstone Miner,54.53451190,-1.05661610,88 Westgate,Guisborough,North Yorkshire,TS14 6AP,,
The George Hotel,50.86212200,0.25959600,3 George Street,Hailsham,East Sussex,BN27 1AD,,
The William Shenstone,52.44969900,-2.05081800,1–5 Queensway,Halesowen,West Midlands,B63 4AB,,
The Barum Top Inn,53.72167800,-1.86274100,17 Rawson Street,Halifax,West Yorkshire,HX1 1NX,,
The William Morris,51.49301400,-0.22515200,"Swan Island, 2–4 King Street",Hammersmith,Hammersmith & Fulham,W6 0QA,,
The Reginald Mitchell,53.02532000,-2.17416300,"The Tontine, 20 Parliament Row",Hanley,Staffordshire,ST1 1NQ,,
The William Aylmer,51.77117200,0.09202700,"Aylmer House, Kitson Way",Harlow,Essex,CM20 1DG,,
The Winter Gardens,53.99426500,-1.54377500,"Royal Baths, Parliament Street",Harrogate,North Yorkshire,HG1 2WH,,
The Moon on the Hill,51.57937600,-0.33416000,373–375 Station Road,Harrow,Harrow,HA1 2AW,,
The Ward Jackson,54.68566600,-1.20862100,3–9 Church Square,Hartlepool,County Durham,TS24 7EU,,
The Bottle Kiln,51.93668950,1.28095450,"60 Kingsway, Dovercourt, Dovercourt",Harwich,Essex,CO12 3JR,,
The John Logie Baird,50.85585600,0.57962600,29–31 Havelock Road,Hastings,East Sussex,TN34 1BE,,
The Moon and Sixpence,51.60830600,-0.37271400,250 Uxbridge Road,Hatch End,Harrow,HA5 4HS,,
Harpsfield Hall,51.76295500,-0.24063400,13a Parkhouse Court,Hatfield,Hertfordshire,AL10 9RQ,,
The Parchment Makers,50.85192000,-0.98459000,1 Park Road North,Havant,Hampshire,PO9 1HE,,
The William Owen,51.80155400,-4.96822900,6 Quay Street,Haverfordwest,Pembrokeshire,SA61 1BG,,
The Drabbet Smock,52.08271500,0.43752700,"5–6 Peas Hill, Market Square",Haverhill,Suffolk,CB9 8BB,,
The Bourtree,55.42526600,-2.78362300,22 Bourtree Place,Hawick,Scottish Borders,TD9 9HL,,
The Botwell Inn,51.50813400,-0.41661700,25–29 Coldharbour Lane,Hayes,Hillingdon,UB3 3EB,,
Star Light,51.46148000,-0.44538000,"Heathrow Airport, Terminal 4 (after security) , Hounslow",Hounslow,Middlesex,TW6 3XA,,
The Crown Rivers,51.47318700,-0.48755420,"Heathrow Airport, Terminal 5 (after security) , Hounslow",Hounslow,Hillingdon,TW6 2GA,,
The Hedgeford Lodge,52.70919700,-2.00037500,"Anglesey Lodge, Anglesey Street",Hednesford,Staffordshire,WS12 1DL,,
The Henry Bell,56.00405800,-4.73755300,19–29 James Street,Helensburgh,Argyll and Bute,G84 8AS,,
The Coinage Hall,50.10082200,-5.27521400,9–11 Coinagehall Street,Helston,Cornwall,TR13 8ER,,
The Full House,51.75348600,-0.47261100,128 Marlowes,Hemel Hempstead,Hertfordshire,HP1 1EZ,,
The Catherine Wheel,51.53771200,-0.90407600,7–15 Hart Street,Henley-on-Thames,Oxfordshire,RG9 2AR,,
The Kings Fee,52.05830200,-2.71056200,49–51 Commercial Road,Hereford,Herefordshire,HR1 2BP,,
The Saxon Shore,51.37272900,1.12598900,78–80 Central Parade,Herne Bay,Kent,CT6 5JQ,,
The Six Templars,51.79603000,-0.07914200,1 The Wash,Hertford,Hertfordshire,SG14 1PS,,
The Prense Well,53.32768030,-3.09928384,5 The Mount,Heswall,Merseyside,CH60 4RE,,
The Forum,54.97186600,-2.10104200,Market Place,Hexham,Northumberland,NE46 3PB,,
The Edwin Waugh,53.59373200,-2.22136000,10–12 Market Street,Heywood,Manchester,OL10 4LY,,
The Falcon,51.62932700,-0.75133600,9 Cornmarket,High Wycombe,Buckinghamshire,HP11 2AX,,
The Angel Vaults Inn,51.94657500,-0.27865800,5 Sun Street,Hitchin,Hertfordshire,SG5 1AE,,
The Star,51.76161300,-0.01179000,105 High Street,Hoddesdon,Hertfordshire,EN11 8TN,,
Penderel’s Oak,51.51796700,-0.11548100,283–288 High Holborn,Holborn,Camden,WC1V 7HP,,
Shakespeare’s Head,51.51681600,-0.11968600,"Africa House, 64–68 Kingsway",Holborn,Camden,WC2B 6BG,,
The Star Inn,50.79843100,-3.18808600,33 New Street,Honiton,Devon,EX14 1BS,,
The Jack Fairman,51.17034900,-0.16176400,30 Victoria Road,Horley,Surrey,RH6 7PZ,,
J.J. Moon’s,51.56288300,0.21617900,46–62 High Street,Hornchurch,Havering,RM12 4UN,,
The Lynd Cross,51.06362500,-0.33229300,"St John’s House, 1 Springfield Road",Horsham,West Sussex,RH12 2PG,,
The Wild Boar,54.84341200,-1.46919900,Frederick Place,Houghton-le-Spring,Tyne and Wear,DH4 4BN,,
"The Moon Under Water, Hounslow",51.46708400,-0.36940500,84–86 Staines Road,Hounslow,Hounslow,TW3 3LF,,
Hoylake Lights,53.39247700,-3.17706400,52–54 Market Street,Hoylake,Merseyside,CH47 3BB,,
The Pilgrim Oak,53.03805300,-1.20249100,44–46 High Street,Hucknall,Nottinghamshire,NG15 7AX,,
The Lord Wilson,53.64564700,-1.77913800,"Kingsgate Centre, King Street",Huddersfield,West Yorkshire,HD1 2PZ,,
The Cherry Tree,53.64740200,-1.78239800,"Pearl Assurance House, 14–18 John William Street",Huddersfield,West Yorkshire,HD1 1BA,,
Sandford House,52.33043000,-0.18713000,George Street,Huntingdon,Cambridgeshire,PE29 3BD,,
The Great Spoon of Ilford,51.56188200,0.06883000,114–116 Cranbrook Road,Ilford,Redbridge,IG1 4LZ,,
The Admiral Collingwood,51.21019500,-4.11922600,Wilder Road,Ilfracombe,Devon,EX34 9AR,,
The Observatory,52.97152100,-1.30816700,14a Market Place,Ilkeston,Derbyshire,DE7 5QA,,
The Lister Arms,53.92573800,-1.82568900,"14 The Moors Shopping Centre, South Hawksworth Street",Ilkley,West Yorkshire,LS29 9LB,,
The Kings Highway,57.47958100,-4.22747600,72–74 Church Street,Inverness,Highland,IV1 1EN,,
The Gordon Highlander,57.28482000,-2.37967000,West High Street,Inverurie,Aberdeenshire,AB51 3QQ,,
The Cricketers,52.05952000,1.15464100,51 Crown Street,Ipswich,Suffolk,IP1 3JA,,
The Auld Brig,55.61244100,-4.67299100,Rivergate Shopping Centre,Irvine,North Ayrshire,KA12 8EH,,
The White Swan,51.54573900,-0.10341100,255–256 Upper Street,Islington,Islington,N1 1RY,,
The Livery Rooms,53.86872600,-1.90999900,89–97 North Street,Keighley,West Yorkshire,BD21 3AA,,
The Miles Thompson,54.32675200,-2.74854900,"Council Offices, Allhallows Lane",Kendal,Cumbria,LA9 4JH,,
The Dictum of Kenilworth,52.34298000,-1.57963000,18–24 The Square,Kenilworth,Warwickshire,CV8 1EB,,
The Chief Justice of the Common Pleas ,54.60191000,-3.13789800,2 Bank Street,Keswick,Cumbria,CA12 5JY,,
The Earl of Dalkeith,52.39938600,-0.72581800,13–15 Dalkeith Place,Kettering,Northamptonshire,NN16 0BS,,
The Wheatsheaf Inn,55.61114300,-4.49701400,70 Portland Street,Kilmarnock,East Ayrshire,KA1 1JG,,
Globe Hotel,52.75578000,0.39369200,"King Street, King Street",King’s Lynn,Norfolk,PE30 1EZ,,
J.J. Moon’s,51.58467300,-0.27992200,553 Kingsbury Road,Kingsbury,Brent,NW9 9EL,,
The Admiral of the Humber,53.74319700,-0.34374600,1 Anlaby Road,Kingston Upon Hull,East Riding of Yorkshire,HU1 2NR,,
The Three John Scotts,53.74398100,-0.33274700,"City Exchange, Alfred Gelder Street, Lowgate",Kingston Upon Hull,East Riding of Yorkshire,HU1 1AA,,
The Kings Tun,51.41146700,-0.30059200,153–157 Clarence Street,Kingston upon Thames,Kingston upon Thames,KT1 1QT,,
The Robert Nairn,56.11198200,-3.15804700,6 Kirk Wynd,Kirkcaldy,Fife,KY1 1EH,,
The Crown Inn,54.00912600,-1.46851300,71–75 High Street,Knaresborough,North Yorkshire,HG5 0HB,,
Sir Richard Owen,54.04688900,-2.80032000,4 Spring Garden Street,Lancaster,Lancashire,LA1 1RQ,,
The Paddle Steamer,55.79520000,-4.87005000,Gallowgate Street,Largs,North Ayrshire,KA30 8LX,,
The Edmund Tylney,51.29535400,-0.32745600,30–34 High Street,Leatherhead,Surrey,KT22 8AW,,
The Scribbling Mill,53.75778000,-1.57429000,"White Rose Shopping Centre, Dewsbury Road, Dewsbury Road",Leeds,West Yorkshire,LS11 8LU,,
The Briggate,53.79344530,-1.39112280,"37 Main Street, Garforth, Garforth",Leeds,West Yorkshire,LS25 1DS,,
The Old Unicorn,53.81092500,-1.62730400,"165 Town Street, Bramley",Leeds,West Yorkshire,LS13 3NA,,
The Clothier’s Arms,53.86611300,-1.68158600,"56 High Street, Yeadon",Leeds,West Yorkshire,LS19 7PP,,
The Crossed Shuttle,53.79650400,-1.66185600,"11 Manor House Street, Pudsey",Leeds,West Yorkshire,LS28 7BJ,,
The Hedley Verity,53.80200700,-1.54568500,43a Woodhouse Lane,Leeds,West Yorkshire,LS1 3HQ,,
The Picture House,53.74417100,-1.60005900,"117/117a Queen Street, Morley",Leeds,West Yorkshire,LS27 8HE,,
The Cuthbert Brodrick,53.80174700,-1.54788800,99 Portland Crescent,Leeds,West Yorkshire,LS2 3AD,,
Wetherspoons,53.79416700,-1.54758600,"Leeds City station, North Concourse, North Concourse",Leeds,West Yorkshire,LS1 4DY,,
The Three Hulats,53.82607700,-1.53532400,"13 Harrogate Road, Chapel Allerton",Leeds,West Yorkshire,LS7 3NB,,
Beckett’s Bank,53.79858000,-1.54728500,28–30 Park Row,Leeds,West Yorkshire,LS1 5HU,,
The Green Dragon,53.10653400,-2.02696000,2 St Edward Street,Leek,Staffordshire,ST13 5DS,,
The White House,52.64297800,-1.04683500,375 Scraptoft Lane,Leicester,Leicestershire,LE7 9SE,,
The Corn Exchange,52.63459100,-1.13330700,"1 Corn Exchange, Market Place",Leicester,Leicestershire,LE1 5GG,,
The High Cross,52.63533900,-1.13858300,103–105 High Street,Leicester,Leicestershire,LE1 4JB,,
The Thomas Burke,53.49933500,-2.51896700,20a Leigh Road,Leigh,Lancashire,WN7 1QR,,
The Elms,51.54769800,0.65646000,1060 London Road,Leigh-on-Sea,Essex,SS9 3ND,,
The Swan Hotel,51.91584300,-0.66326600,50 High Street,Leighton Buzzard,Bedfordshire,LU7 1EA,,
The Duke’s Head,52.22717400,-2.73797300,Corn Square,Leominster,Herefordshire,HR6 8LR,,
The Three Magnets,51.97924800,-0.22694200,18–20 Leys Avenue,Letchworth,Hertfordshire,SG6 3EW,,
The Watch House,51.45994500,-0.01164000,198–204 High Street,Lewisham,Lewisham,SE13 6JP,,
The Leyland Lion,53.69549300,-2.69264800,60 Hough Lane,Leyland,Lancashire,PR25 2SA,,
The Walnut Tree,51.56979000,0.01287900,857–861 High Road,Leytonstone,Waltham Forest,E11 1HH,,
The Acorn Inn,52.68373300,-1.82594500,16–18 Tamworth Street,Lichfield,Staffordshire,WS13 6JJ,,
The Hykeham Manor,53.17700000,-0.62128000,"Gateway Park, Roman Way, South Hykeham, Newark Road",Lincoln,Lincolnshire,LN6 9UH,,
The Square Sail,53.22982000,-0.54657200,Brayford Wharf North,Lincoln,Lincolnshire,LN1 1YW,,
Ritz,53.22437000,-0.54324300,143–147 High Street,Lincoln,Lincolnshire,LN5 7PJ,,
The King Doniert,50.45396700,-4.46495400,Barras Street,Liskeard,Cornwall,PL14 6AB,,
The George Inn,50.80913200,-0.54373000,14–18 Surrey Street,Littlehampton,West Sussex,BN17 5BG,,
The Frank Hornby,53.51530700,-2.93674400,"38 Eastway, Maghull",Liverpool,Merseyside,L31 6BR,,
The Captain Alexander,53.40486210,-2.99142140,"Victoria House, James Street, James Street",Liverpool,Merseyside,L2 7NX,,
The Barker’s Brewery,53.41337500,-2.84005900,"Archway Road, Huyton",Liverpool,Merseyside,L36 9UJ,,
The North Western,53.40725900,-2.97700300,"Liverpool Lime Street station, 7 Lime Street, Liverpool Station",Liverpool,Merseyside,L1 1RJ,,
The Childwall Fiveways Hotel,53.39682000,-2.89665600,179 Queens Drive,Liverpool,Merseyside,L15 6XS,,
The Queen’s Picture House,53.47418400,-3.02730900,"47–49 South Road, Waterloo",Liverpool,Merseyside,L22 5PE ,,
The Welkin,53.40577600,-2.98582000,7 Whitechapel,Liverpool,Merseyside,L1 6DS,,
The Fall Well,53.40698000,-2.98239000,St John’s Way,Liverpool,Merseyside,L1 1LS,,
The Thomas Frost,53.43586300,-2.97267000,177–187 Walton Road,Liverpool,Merseyside,L4 4AJ,,
The Lime Kiln,53.40297000,-2.98027700,Fleet Street/Concert Square,Liverpool,Merseyside,L1 4NR,,
The Raven,53.46379600,-2.95866600,72–74 Walton Vale,Liverpool,Merseyside,L9 2BU,,
The Richard John Blackler,53.40607700,-2.97993200,"Charlotte Row, Great Charlotte Street",Liverpool,Merseyside,L1 1HU,,
The NewYearField,55.88253700,-3.51775800,"Livingston Designer Outlet, Almondvale Avenue",Livingston,West Lothian,EH54 6QX,,
The Palladium,53.32517300,-3.83235900,7 Gloddaeth Street,Llandudno,Conwy,LL30 2DD,,
The York Palace,51.68090700,-4.16324400,51 Stepney Street,Llanelli,Carmarthenshire,SA15 3YA,,
The Lion & The Unicorn,51.50373800,-0.11274000,"Upper-Ground Floor, The Sidings (under platforms 20–24), Waterloo station",Waterloo,Lambeth,SE1 7BH,,
The Stargazer,51.50384200,0.00251200,"The O2, Peninsula Square, Peninsula Square",Greenwich,Greenwich,SE10 0DX,,
The Sun Wharf,51.50563900,-0.08570000,"50 Tooley Street, London Bridge",London Bridge,Southwark,SE1 2TF,,
The Sir John Hawkshaw,51.51136200,-0.09025100,"Cannon Street station, Cannon Street",City of London,City of London,EC4N 6AP,,
The Amber Rooms,52.77373000,-1.20935500,15 The Rushes,Loughborough,Leicestershire,LE11 5BE,,
The Joseph Morton,53.36520300,-0.00511500,"Pawnshop Passage, Kidgate",Louth,Lincolnshire,LN11 9EZ,,
The Joseph Conrad,52.47429300,1.75098500,18–32 Station Square,Lowestoft,Suffolk,NR32 1BA,,
The White House,51.88170300,-0.41847200,1 Bridge Street,Luton,Bedfordshire,LU1 1SA,,
The Six Bells,50.75749100,-1.54554300,47–48 St Thomas Street,Lymington,Hampshire,SO41 9ND,,
The Railway Hotel,53.73804800,-2.95679200,Station Road,Lytham St Annes,Lancashire,FY8 5DH,,
The Trawl Boat Inn,53.75093700,-3.02997600,36–38 Wood Street,Lytham St Annes,Lancashire,FY8 1QR,,
The Society Rooms,53.25645800,-2.12435600,Park Green,Macclesfield,Cheshire,SK11 7NA,,
The Sawyer’s Arms,51.60842900,-3.65994900,3–6 Commercial Street,Maesteg,Bridgend,CF34 9DF,,
The Bear,51.52303900,-0.71784300,8–10 High Street,Maidenhead,Berkshire,SL6 1QJ,,
The Society Rooms,51.27760000,0.52180700,"Brenchley House, Week Street",Maidstone,Kent,ME14 1RF,,
The Muggleton Inn,51.27369400,0.52226500,8–9 High Street,Maidstone,Kent,ME14 1HJ,,
Rose & Crown,51.73154300,0.67770100,109 High Street,Maldon,Essex,CM9 5EP,,
The Bull’s Head Hotel,53.52402600,-2.39960600,"12 High Street, Walkden",Manchester,Greater Manchester,M28 3NJ,,
The Mardi Gras,53.46617900,-2.34900500,"The Orient, The Trafford Centre",Manchester,Manchester,M17 8EH,,
Castle in the Air,53.46867500,-2.36110000,"Chill Factore , 7 Trafford Way",Manchester,Manchester,M41 7JA,,
The Ford Madox Brown,53.45808400,-2.22669700,"Wilmslow Park, Oxford Road",Manchester,Manchester,M13 9NG,,
The Great Central,53.44101000,-2.21930300,"Wilmslow Road, Fallowfield",Manchester,Manchester,M14 6NL,,
The Waterhouse,53.47917100,-2.24309900,67–71 Princess Street,Manchester,Manchester,M2 4EG,,
The Seven Stars,53.48503000,-2.24004000,6–8 Dantzic Street,Manchester,Manchester,M4 2BS,,
The Paramount,53.47645300,-2.24254800,33–35 Oxford Street,Manchester,Manchester,M1 4BH,,
"The Moon Under Water, Manchester",53.48274500,-2.24691000,68–74 Deansgate,Manchester,Manchester,M3 2FN,,
Wetherspoons,53.48122400,-2.23508900,49 Piccadilly,Manchester,Manchester,M1 2AP,,
The Stag & Pheasant,53.14577200,-1.19550100,Clumber Street,Mansfield,Nottinghamshire,NG18 1NU,,
The Hippodrome,52.55150000,0.08733200,Dartford Road,March,Cambridgeshire,PE15 8AQ,,
The Mechanical Elephant,51.38670800,1.37782500,28–30 Marine Terrace,Margate,Kent,CT9 1XJ,,
The Hippodrome,52.90612500,-2.48583300,Queen Street,Market Drayton,Shropshire,TF9 1PS,,
The Sugar Loaf,52.47899300,-0.92240200,18 High Street,Market Harborough,Leicestershire,LE16 7NJ,,
The Grand Assembly,51.57185000,-0.77686000,2–3 Market Square,Marlow,Buckinghamshire,SL7 3HH,,
The Metropolitan Bar,51.52251700,-0.15687500,"7 Station Approach, Marylebone Road",Marylebone,Westminster,NW1 5LD,,
The Bear,51.37493200,-2.13862000,3 Bath Road,Melksham,Wiltshire,SN12 6LL,,
The Kettleby Cross,52.76571000,-0.88928500,Wilton Road,Melton Mowbray,Leicestershire,LE13 0UJ,,
The Mare Pool,52.58654000,-1.82841900,294 Lichfield Road,Mere Green,West Midlands,B74 2UG,,
Y Dic Penderyn,51.74738100,-3.37813900,102–103 High Street,Merthyr Tydfil,Merthyr Tydfil,CF47 8AP,,
The Old Market Hall,53.49276900,-1.28753300,Market Street,Mexborough,South Yorkshire,S64 9QA,,
The Swatters Carr,54.56986400,-1.23865300,228 Linthorpe Road,Middlesbrough,North Yorkshire,TS1 3QW,,
The Harbord Harbord,53.55015900,-2.19805100,17–21 Long Street,Middleton,Manchester,M24 6TE,,
Palladium Electric,51.28608060,-2.48152180,"110 High Street, Midsomer Norton",Radstock,Somerset,BA3 2DA,,
The Half Moon,51.52219500,-0.04531600,213–223 Mile End Road,Mile End,Tower Hamlets,E1 4AA,,
"The Moon Under Water, Milton Keynes",52.04192400,-0.74893100,"Xscape, 10 Avebury Boulevard",Milton Keynes,Buckinghamshire,MK9 3NN,,
Wetherspoons,52.03755100,-0.76755800,"201 Midsummer Boulevard, Bouverie Square",Milton Keynes,Buckinghamshire,MK9 1EA,,
The Duke of Wellington,51.20530000,-3.47933900,Wellington Square,Minehead,Somerset,TA24 5NH,,
The Gold Cape,53.16643100,-3.14121500,8–8a Wrexham Street,Mold,Flintshire,CH7 1ES,,
The Kings Head,51.81180400,-2.71568400,8 Agincourt Square,Monmouth,Monmouthshire,NP25 3DY,,
The Eric Bartholomew,54.07249600,-2.86620700,10–18 Euston Road,Morecambe,Lancashire,LA4 5DD,,
The Electrical Wizard,55.16676700,-1.69083000,11 New Market,Morpeth,Northumberland,NE61 1PS,,
The Elizabeth of York,52.44631400,-1.88753200,12a St Mary’s Row,Moseley,West Midlands,B13 8JG,,
The Brandon Works,55.79162300,-3.99025600,45–61 Merry Street,Motherwell,North Lanarkshire,ML1 1JJ,,
The David Macbeth Moir,55.94361100,-3.05799200,Bridge Street,Musselburgh,East Lothian,EH21 6AG,,
The Mossy Well,51.59087300,-0.14164000,258 Muswell Hill Broadway,Muswell Hill,Haringey,N10 3SH,,
The Glassmaker,51.43215100,-2.75840500,12 Crown Glass Place,Nailsea,Somerset,BS48 1RD,,
The David Protheroe,51.66190700,-3.80633800,7 Windsor Road,Neath,Neath Port Talbot,SA11 1LS,,
The Watchman,51.39886700,-0.25532900,184 High Street,New Malden,Kingston upon Thames,KT3 4ES,,
The Hatchet Inn,51.40091600,-1.32214100,12 Market Place,Newbury,Berkshire,RG14 5BD,,
Luther’s Bar,54.97889000,-1.61520000,"Newcastle University Students’ Union, Kings Road, King's Road",Newcastle upon Tyne,Tyne and Wear,NE1 8QB,,
The High Main,54.97674000,-1.58425600,"63 Shields Road, Byker",Newcastle upon Tyne,Tyne and Wear,NE6 1DL,,
The Five Swans,54.97780000,-1.61177000,14 St Marys Place,Newcastle upon Tyne,Tyne and Wear,NE1 7PG,,
The Mile Castle,54.97006800,-1.61651800,19–25 Grainger Street,Newcastle upon Tyne,Tyne and Wear,NE1 5JE,,
The Keel Row,54.97251900,-1.61760700,"The Gate Cinema Complex, Newgate Street",Newcastle upon Tyne,Tyne and Wear,NE1 5RF,,
The Job Bulman,55.00476800,-1.61937000,"St Nicholas Avenue, Gosforth",Newcastle upon Tyne,Tyne and Wear,NE3 1AA,,
The Quayside,54.96766000,-1.61052900,"35–37 The Close, Quayside",Newcastle upon Tyne,Tyne and Wear,NE1 3RN,,
The Arnold Machin,53.01219300,-2.22534400,37 Ironmarket,Newcastle-under-Lyme,Staffordshire,ST5 1PB,,
The Golden Lion,52.24477900,0.40739000,44 High Street,Newmarket,Suffolk,CB8 8LB,,
The Man in the Moon,50.70014500,-1.29587600,16–17 St James Street,Newport,Isle of Wight,PO30 5HB,,
The Godfrey Morgan,51.58978300,-2.97842700,158 Chepstow Road,Newport,Newport,NP19 8EG,,
The John Wallace Linton,51.58895700,-2.99805600,"The Cambrian Centre, Cambrian Road",Newport,Newport,NP20 4AD,,
The Towan Blystra,50.41439200,-5.07743800,12–16 Cliff Road,Newquay,Cornwall,TR7 1SG,,
The Richard Hopkins,50.53071400,-3.60780600,34–42 Queen Street,Newton Abbot,Devon,TQ12 2EH,,
The Nine Arches,53.45225500,-2.64398900,"3 Legh Street, Earlstown",Newton-le-Willows,Merseyside,WA12 9NE,,
The Black Boy,52.51640400,-3.31600700,31/32 Broad Street,Newtown,Powys,SY16 2BQ,,
The Spirit Merchant,54.59433600,-5.70126900,54–56 Regent Street,Newtownards,County Down,BT23 4LP,,
"The Moon Under Water, Croydon",51.40709700,-0.12138000,1327 London Road,Norbury,Croydon,SW16 4AU,,
The Nonsuch Inn,51.37246600,-0.22612100,552–556 London Road,North Cheam,Sutton,SM3 9AA,,
The Cordwainer,52.23794700,-0.89270300,The Ridings,Northampton,Northamptonshire,NN1 2AQ,,
The Greenwood Hotel,51.55278600,-0.35142400,674 Whitton Avenue West,Northolt,Ealing,UB5 4LA,,
The Penny Black,53.26220200,-2.50853600,110 Witton Street,Northwich,Cheshire,CW9 5AB,,
The Highland Laddie,54.58778100,-1.31072100,59 High Street,Norton,Stockton-on-Tees,TS20 1AQ,,
The Queen of Iceni,52.62504800,1.30360500,Riverside Development,Norwich,Norfolk,NR1 1ED,,
The Whiffler,52.65431800,1.26856300,Boundary Road,Norwich,Norfolk,NR6 5JB,,
The Glass House,52.63229700,1.29782200,11–13 Wensum Street,Norwich,Norfolk,NR3 1LA,,
The Bell Hotel,52.62734900,1.29547700,5 Orford Hill,Norwich,Norfolk,NR1 3QB,,
The Lady Chatterley,53.01795600,-1.30496500,"59 Nottingham Road, Eastwood",Nottingham,Nottinghamshire,NG16 3AL,,
The Gooseberry Bush,52.95968500,-1.15578000,Peel Street ,Nottingham,Nottinghamshire,NG1 4GL,,
Trent Bridge Inn,52.93718400,-1.13416700,"2 Radcliffe Road, West Bridgford",Nottingham,Nottinghamshire,NG2 6AA,,
The Samuel Hall,52.98136800,-1.14639900,"The Old Bus Depot, Mansfield Road , Sherwood",Nottingham,Nottinghamshire,NG5 2JN,,
The Free Man,52.96606700,-1.10923200,334–336 Carlton Hill,Nottingham,Nottinghamshire,NG4 1JD,,
The Woodthorpe Top,52.98365100,-1.12327900,"151A Woodthorpe Drive, Mapperley",Nottingham,Nottinghamshire,NG3 5JL,,
The William Peverel,53.00256700,-1.19637200,"259 Main Street, Bulwell",Nottingham,Nottinghamshire,NG6 8EZ,,
The Admiral Sir John Borlase Warren,52.92762500,-1.27825200,"97 Derby Road, Stapleford",Nottingham,Nottinghamshire,NG9 7AA,,
Lloyds No.1 Bar,52.95359900,-1.14519000,"1 Carlton Street, Hockley",Nottingham,Nottinghamshire,NG1 1NL,,
The Joseph Else,52.95304000,-1.14972100,"11–12 South Parade, Market Square",Nottingham,Nottinghamshire,NG1 2JS,,
The Roebuck Inn,52.95300100,-1.15228700,9–11 St James’s Street,Nottingham,Nottinghamshire,NG1 6FH,,
The Felix Holt,52.52300700,-1.46952500,3 Stratford Street,Nuneaton,Warwickshire,CV11 5BS,,
The Lord Keeper of the Great Seal,52.60084800,-1.08408000,96–100 The Parade,Oadby,Leicestershire,LE2 5BF,,
The Captain Noel Newton,52.67009400,-0.73117500,55 High Street ,Oakham,Rutland,LE15 6AJ,,
The Corryvreckan,56.41279600,-5.47462800,"The Waterfront Centre, Railway Pier",Oban,Argyll and Bute,PA34 4LW,,
The White Hart Hotel,50.73914600,-4.00316740,Fore Street,Okehampton,Devon,EX20 1HD,,
The Masque Haunt,51.52519800,-0.09064200,168–172 Old Street,Old Street,Islington,EC1V 9BP,,
The Court of Requests,52.50469500,-2.01585100,Church Street,Oldbury,West Midlands,B69 3AF,,
The Shay Wake,53.57783600,-2.09305900,"2–10 Milnrow Road, Shaw",Oldham,Greater Manchester ,OL2 8EQ,,
The Up Steps Inn,53.54223100,-2.11283300,17–23 High Street,Oldham,Greater Manchester,OL1 3AJ,,
The Court Leet,53.56840500,-2.88523300,4 Wheatsheaf Walk,Ormskirk,Lancashire,L39 2XA,,
The Wilfred Owen,52.85954600,-3.05644500,17 Willow Street,Oswestry,Shropshire,SY11 1AJ,,
The Bowling Green,53.90420700,-1.69289900,18 Bondgate,Otley,West Yorkshire,LS21 3AB,,
The Swan & Castle,51.75110000,-1.26157000,Castle Street,Oxford,Oxfordshire,OX1 1AY,,
The Four Candles,51.75344400,-1.26211400,51–53 George Street,Oxford,Oxfordshire,OX1 2BE,,
The William Morris,51.73234700,-1.21760200,"59a Between Towns Road, Cowley",Oxford,Oxfordshire,OX4 3LR,,
The Oxted Inn,51.25747300,-0.00475300,"Hoskins Walk, Station Road West",Oxted,Surrey,RH8 9HR,,
The Talk of the Town,50.43516300,-3.56150300,46–52 Torbay Road,Paignton,Devon,TQ4 6AL ,,
The Last Post,55.84660300,-4.42453500,County Square,Paisley,Renfrewshire,PA1 1BN,,
The Kentish Drovers,51.47354900,-0.07001200,71–79 Peckham High Street,Peckham,Southwark,SE15 5RS,,
The Moon & Stars,51.41274600,-0.05088500,164–166 High Street,Penge,Bromley,SE20 7QS,,
The Dog Beck,54.66184100,-2.75030400,21–22 Southend Road,Penrith,Cumbria,CA11 8JH,,
The Tremenheere,50.11859400,-5.53672800,4–8 Market Place,Penzance,Cornwall,TR18 2JA,,
The Green Parrot,50.34436300,-5.15605100,St George’s Hill,Perranporth,Cornwall,TR6 0JP,,
The Capital Asset,56.39631800,-3.42589500,26 Tay Street,Perth,Perth and Kinross,PH1 5LQ,,
The George Hotel,52.55616400,-0.12743300,"10 Market Place, Whittlesey",Peterborough,Cambridgeshire,PE7 1AB,,
The Draper’s Arms,52.57297200,-0.24650500,29–31 Cowgate,Peterborough,Cambridgeshire,PE1 1LZ,,
The College Arms,52.57537900,-0.24167400,40 The Broadway,Peterborough,Cambridgeshire,PE1 1RS,,
The Cross Keys,57.50578200,-1.77906100,Back Street,Peterhead,Aberdeenshire,AB42 1TH,,
The Five Quarter,54.75823700,-1.33272500,Hailsham Place,Peterlee,County Durham,SR8 1AB,,
The Red Lion,51.00383500,-0.93423800,3 College Street,Petersfield,Hampshire,GU31 4AE,,
The Sovereign of the Seas,51.38932600,0.07213800,109–111 Queensway,Petts Wood,Bromley,BR5 1DG,,
The Gog and Magog,50.36752100,-4.13751600,57–59 Southside Street,Plymouth,Devon,PL1 2LA,,
The Mannamead,50.38239600,-4.13374000,61–63 Mutley Plain,Plymouth,Devon,PL4 6JH,,
The Britannia Inn,50.38563300,-4.15730000,"1 Wolseley Road, Milehouse",Plymouth,Devon,PL2 3AA,,
The Union Rooms,50.36971000,-4.14801400,19 Union Street,Plymouth,Devon,PL1 2SU,,
The Stannary Court,50.38780000,-4.05173100,95–99 Ridgeway,Plympton,Devon,PL7 2AA,,
The Blue Bell,53.61355200,-1.35426100,"8 Cross Hill, Hemsworth",Pontefract,West Yorkshire,WF9 4LQ,,
The Broken Bridge,53.69255600,-1.30939900,5 Horsefair,Pontefract,West Yorkshire,WF8 1PD,,
The Tumble Inn,51.59948400,-3.34081800,4–9 Broadway/Sardis Road,Pontypridd,Rhondda Cynon Taff,CF37 1BA,,
The Blackwater Stream,50.75936200,-1.99342800,"180 Lower Blandford Road, Broadstone",Broadstone,Dorset,BH18 8DP,,
The Lord Wimborne,50.71652800,-1.98263500,59 Lagland Street,Poole,Dorset,BH15 1QD,,
The Lord Caradoc,51.59438000,-3.78207100,69–73 Station Road,Port Talbot,Neath Port Talbot,SA13 1NW,,
The Posset Cup,51.48590900,-2.76591200,"Mustad Way, Portishead",Bristol,Somerset,BS20 7QZ,,
Sir Alec Rose,50.84093300,-1.09768200,"32–33 The Boardwalk, Port Solent",Portsmouth,Hampshire,PO6 4TP,,
The Sir John Baker,50.81545000,-1.07954400,"80 London Road, North End",Portsmouth,Hampshire,PO2 0LN,,
The John Jacques,50.79832100,-1.07679000,"78–82 Fratton Road, Fratton",Portsmouth,Hampshire,PO1 5BZ,,
The Isambard Kingdom Brunel,50.79703400,-1.09259900,2 Guildhall Walk,Portsmouth,Hampshire,PO1 2DD,,
The Admiral Byng,51.69960400,-0.19023000,186–192 Darkes Lane,Potters Bar,Hertfordshire,EN6 1AF,,
The Poulton Elk,53.84536200,-2.99239200,22 Hardhorn Road,Poulton-le-Fylde,Lancashire,FY6 7SR,,
The Kingfisher,53.34648400,-2.12403100,London Road South,Poynton,Cheshire,SK12 1NJ,,
The Watch Maker,53.42962700,-2.80225600,60–62 Eccleston Street,Prescot,Merseyside,L34 5QL,,
The Twelve Tellers,53.75872200,-2.69686800,14–15 Church Street,Preston,Lancashire,PR1 3BQ,,
The Grey Friar,53.76030100,-2.70299200,144 Friargate,Preston,Lancashire,PR1 2EJ,,
The Prestwick Pioneer,55.49953900,-4.61078600,87 Main Street,Prestwick,South Ayrshire,KA9 1JS,,
The Rocket,51.46560400,-0.21293900,"Putney Wharf Tower, Brewhouse Lane, Brewhouse Lane",Putney,Wandsworth,SW15 2JQ,,
Pen Cob,52.88785700,-4.41753400,Station Square,Pwllheli,Gwynedd,LL53 5HG,,
The Railway ,51.36571200,0.61175100,113 Station Road,Rainham,Kent,ME8 7SF,,
Royal Victoria Pavilion,51.33183330,1.42364910,Harbour Parade,Ramsgate,Kent,CT11 8LS,,
The Roebuck,51.58489400,0.60351500,138 High Street,Rayleigh,Essex,SS6 7BU,,
The Village Inn,51.57689900,-0.37098800,402–408 Rayners Lane,Rayners Lane,Harrow,HA5 5DY,,
The Hope Tap,51.45654000,-0.97538600,99–105 Friar Street,Reading,Berkshire,RG1 1EP,,
The Back of Beyond,51.45483000,-0.96342300,104–108 Kings Road,Reading,Berkshire,RG1 3BY,,
The Plimsoll Line,54.61725800,-1.06047900,138–142 High Street East,Redcar,North Yorkshire,TS10 3DH,,
The Royal Enfield,52.30704200,-1.94318100,"The Old Cinema, Unicorn Hill",Redditch,Worcestershire,B97 4QR,,
The Sun,51.24121900,-0.16792500,17–21 London Road,Redhill,Surrey,RH1 1LY,,
The Dominie Cross,53.32239200,-0.93993200,38 Grove Street,Retford,Nottinghamshire,DN22 6JR,,
The Sussex,53.32105100,-3.49162300,20–26 Sussex Street,Rhyl,Denbighshire,LL18 1SG,,
The Ralph Fitz Randal,54.40467500,-1.73671600,6 Queens Road,Richmond,North Yorkshire,DL10 4AE,,
The Pennsylvanian,51.63887100,-0.46979000,115–117 High Street,Rickmansworth,Hertfordshire,WD3 1AN,,
The Red Lion,53.05078400,-1.40735700,Market Place,Ripley,Derbyshire,DE5 3BR,,
The Unicorn Hotel,54.13601800,-1.52320600,Market Place East,Ripon,North Yorkshire,HG4 1BP,,
The Regal Moon,53.61730500,-2.15681100,The Butts,Rochdale,Lancashire,OL16 1HB,,
The Golden Lion,51.38657100,0.50679000,147–151 High Street,Rochester,Kent,ME1 1EL,,
The Moon and Stars,51.57599900,0.18288700,99–103 South Street,Romford,Havering,RM1 1NX,,
The Mail Rooms,51.91382000,-2.58206900,Gloucester Road,Ross-on-Wye,Herefordshire,HR9 5BS,,
The Queens Hotel,53.42330100,-1.19668700,"Tickhill Road, Maltby",Rotherham,South Yorkshire,S66 7NQ,,
The Bluecoat,53.42885600,-1.35491100,The Crofts,Rotherham,South Yorkshire,S60 2DJ,,
The Surrey Docks,51.49305400,-0.04659000,185 Lower Road,Rotherhithe,Southwark,SE16 2LW,,
The Britannia,52.47373200,-2.04179600,124 Halesowen Street,Rowley Regis,West Midlands,B65 0ES,,
The Benjamin Satchwell,52.28971600,-1.53558100,112–114 The Parade,Royal Leamington Spa,Warwickshire,CV32 4AQ,,
Opera House,51.13371800,0.26378500,88 Mount Pleasant Road,Royal Tunbridge Wells,Kent,TN1 1RT,,
The Manor House,52.04827300,-0.02302700,14 Melbourn Street,Royston,Hertfordshire,SG8 7BZ,,
The Rupert Brooke,52.37303000,-1.25934900,8–10 Castle Street,Rugby,Warwickshire,CV21 2TP,,
The Plaza,52.75743800,-1.93489000,Horsefair,Rugeley,Staffordshire,WS15 2EH,,
J.J. Moon’s,51.57332500,-0.41329300,12 Victoria Road,Ruislip Manor,Hillingdon,HA4 0AA,,
The Ferry Boat,53.34215000,-2.73158600,10 Church Street,Runcorn,Cheshire,WA7 1LR,,
The Railway Inn,52.29307200,-0.59904200,143 High Street,Rushden,Northamptonshire,NN10 0PA,,
An Ruadh-Ghleann,55.82822200,-4.21748400,40–44 Main Street,Rutherglen,South Lanarkshire,G73 2HY,,
The Castle Hotel,53.11459400,-3.31039800,St Peters Square,Ruthin,Denbighshire,LL15 1AA,,
S. Fowler & Co.,50.73036500,-1.16266900,41–43 Union Street,Ryde,Isle of Wight,PO33 2LF,,
The Temeraire,52.02218400,0.23910600,55 High Street,Saffron Walden,Essex,CB10 1AA,,
The J. P. Joule,53.42407500,-2.31755200,2a Northenden Road,Sale,Cheshire,M33 3BR,,
The King’s Head Inn,51.06862400,-1.79817900,1 Bridge Street,Salisbury,Wiltshire,SP1 2ND,,
The Salt Cot,55.63376500,-4.78951100,7 Hamilton Street,Saltcoats,North Ayrshire,KA21 5DS,,
The George Inn,53.14334300,-2.36217800,39 High Street,Sandbach,Cheshire,CW11 1AL,,
The Lord Rosebery,54.28092400,-0.40423500,85–87 Westborough,Scarborough,North Yorkshire,YO11 1JW,,
The Blue Bell Inn,53.59043400,-0.65423800,1–7 Oswald Road,Scunthorpe,Lincolnshire,DN15 7PU,,
The Hat and Feathers,54.83705900,-1.33360900,57–59 Church Street,Seaham ,County Durham,SR7 7HF,,
The Clifton,52.54140200,-2.12246100,Bull Ring,Sedgley,West Midlands,DY3 1RX,,
The Giant Bellflower,53.78356500,-1.07216700,47a Gowthorpe,Selby,North Yorkshire,YO8 4HF,,
The Sir Julian Huxley,51.34344600,-0.06251900,152–154 Addington Road,Selsdon,Croydon,CR2 8LB,,
The Sennockian,51.27253800,0.19255900,139–141 High Street,Sevenoaks,Kent,TN13 1UX,,
The Belle and Lion,51.44079700,0.76029200,22–24 High Street,Sheerness,Kent,ME12 1NL,,
The Steel Foundry,53.41304000,-1.41246100,"The Oasis, Meadowhall Centre, Meadowhall",Sheffield,South Yorkshire,S9 1EP,,
The Wagon & Horses,53.46168400,-1.46556300,"2 Market Place, Chapeltown",Sheffield,South Yorkshire,S35 2UU,,
The Francis Newton,53.37682600,-1.49215900,"Clarkehouse Road, Broomfield",Sheffield,South Yorkshire,S10 2LA,,
The Sheaf Island,53.37283300,-1.48198400,"Wards Brewery, Ecclesall Road",Sheffield,South Yorkshire,S11 8HW,,
The Rawson Spring,53.40201400,-1.50016600,"Langsett Road, Hillsborough",Sheffield,South Yorkshire,S6 2LN,,
Sheffield Water Works Company,53.38026700,-1.47297300,"Cambridge House, 2–12 Division Street",Sheffield,South Yorkshire,S1 4GF,,
The Woodseats Palace,53.34414900,-1.47835800,"692 Chesterfield Road, Woodseats",Sheffield,South Yorkshire,S8 0SD,,
The Benjamin Huntsman,53.37997000,-1.47238000,12–18 Cambridge Street,Sheffield,South Yorkshire,S1 4HP,,
The Bankers Draft,53.38318200,-1.46647300,1–3 Market Place,Sheffield,South Yorkshire,S1 2GH,,
The Central Bar,51.50387100,-0.21939500,"West 12 Shopping Centre, Shepherd’s Bush Green",Shepherd’s Bush,Hammersmith & Fulham,W12 8PH,,
The Bright Water Inn,50.91980100,-1.43043600,370–372 Shirley Road,Shirley,Hampshire,SO15 3HY,,
Parsons’ Barn,51.54077300,0.78231300,Frobisher Way,Shoeburyness,Essex,SS3 8UT,,
The Central Hotel,53.21222500,-3.03909400,2–4 Chester Road West,Shotton,Flintshire,CH5 1BX,,
Montgomery’s Tower,52.70925600,-2.75864600,Lower Claremont Bank,Shrewsbury,Shropshire,SY1 1RT,,
The Shrewsbury Hotel,52.70948200,-2.75711900,Bridge Place,Shrewsbury,Shropshire,SY1 1PU,,
The Tailor’s Chalk,51.42616100,0.10351300,47–49 Sidcup High Street,Sidcup,Bexley,DA14 6ED,,
The Golden Hope,51.34042200,0.73216400,1 Park Road,Sittingbourne,Kent,ME10 1DR,,
The Red Lion,53.14395900,0.33630700,"2–4 Roman Bank, Lumley Road",Skegness,Lincolnshire,PE25 2RU,,
The Devonshire Inn,53.96035900,-2.01559600,22 Newmarket Street,Skipton,North Yorkshire,BD23 2HR,,
The Packhorse Inn,52.99984100,-0.41051200,7 Northgate,Sleaford,Lincolnshire,NG34 7BH,,
The Moon and Spoon,51.50956900,-0.59576100,86–88 High Street,Slough,Berkshire,SL1 1EL,,
The Pump House,52.41286300,-1.82775900,"Parkgate Development, Stratford Road, Shirley",Solihull,West Midlands,B90 3AQ,,
The White Swan,52.41445700,-1.78106300,32–34 Station Road,Solihull,West Midlands,B91 3SB,,
The Wouldhave,54.99993500,-1.43338200,16 Mile End Road,South Shields,Tyne and Wear,NE33 1TA,,
The Red Lion,50.91060000,-1.36030000,"448 Bitterne Road , Bitterne Village",Southampton,Hampshire,SO18 5EF,,
The Giddy Bridge,50.91102500,-1.40448600,10–16 London Road,Southampton,Hampshire,SO15 2AF,,
The Standing Order,50.90051200,-1.40377100,30 High Street,Southampton,Hampshire,SO14 2DF,,
The Last Post,51.53648300,0.71300500,Weston Road,Southend-on-Sea,Essex,SS1 1AS,,
The New Crown,51.63331500,-0.13059100,80–84 Chase Side,Southgate,Enfield,N14 5PH,,
The Sir Henry Segrave ,53.64586100,-3.01048800,93–97 Lord Street,Southport,Merseyside,PR8 1RH,,
The Lord Palmerston,50.78419800,-1.08896100,84–90 Palmerston Road,Southsea,Hampshire,PO5 3PT,,
The Commercial Inn,53.70953800,-1.90780100,"The Wharf, 31 Wharf Street",Sowerby Bridge,West Yorkshire,HX6 2LA,,
The Ivy Wall,52.78854700,-0.15138100,18–19 New Road,Spalding,Lincolnshire,PE11 1DQ,,
The Grand Electric Hall,54.69961900,-1.60023900,2 Cheapside,Spennymoor,County Durham,DL16 6DJ,,
Waterend Barn,51.75261900,-0.33733500,St Peters Street,St Albans,Hertfordshire,AL1 3LE,,
The Rann Wartha,50.33874800,-4.79341200,Biddicks Court,St Austell,Cornwall,PL25 5EW,,
The Glass House,53.45133400,-2.73586100,5 Market Street,St Helens,Merseyside,WA10 1NE,,
The Swan & Angel,52.32322150,-0.07495620,8/9 Market Hill,St Ives,Cambridgeshire,PE27 5AL,,
The Weeping Ash,52.22873000,-0.26914200,15 New Street,St Neots,Cambridgeshire,PE19 1AE,,
The Barrel Vault,51.53255440,-0.12637000,"St Pancras International station, Pancras Road",Camden,London,N1C 4QP,,
The Picture House,52.80444100,-2.11591500,Bridge Street,Stafford,Staffordshire,ST16 2HL,,
The George,51.43365600,-0.51336600,2–8 High Street,Staines-upon-Thames,Surrey,TW18 4EE,,
The Society Rooms,53.48128100,-2.05767400,49–51 Grosvenor Street,Stalybridge,Cheshire,SK15 2JN,,
The Stamford Post,52.65114800,-0.48078900,7 Sheep Market,Stamford,Lincolnshire,PE9 2QZ,,
The Windmill,51.89052800,0.26074800,Stansted Airport (after security),Stansted,Essex,CM24 1RW,,
The Standing Order,51.91207400,-0.20807500,33 High Street,Stevenage,Hertfordshire,SG1 3AU,,
The Crossed Peels,56.11853200,-3.93915100,8 Spittal Street,Stirling,Stirling,FK8 1AT,,
The Wilfred Wood,53.37944600,-2.12047100,"204 London Road, Hazel Grove",Stockport,Cheshire,SK7 4DF,,
The Calverts Court,53.41033300,-2.15764500,13 St Petersgate,Stockport,Cheshire,SK1 1EB,,
The Red Anchor,54.54614310,-1.33205548,"Preston Farm, Yarm Road",Stockton-on-Tees,County Durham,TS18 3RT,,
The Thomas Sheraton,54.56139100,-1.31290600,4 Bridge Road,Stockton-on-Tees,Stockton-on-Tees,TS18 3BW,,
The Rochester Castle,51.56096000,-0.07397600,143–145 Stoke Newington High Street,Stoke Newington,Hackney,N16 0NY,,
The Wheatsheaf,53.00406500,-2.18528300,84–92 Church Street,Stoke-on-Trent,Staffordshire,ST4 1BU,,
The Poste of Stone,52.90348700,-2.14855400,1 Granville Square,Stone,Staffordshire,ST15 8AB,,
The Navigator,53.41513000,-2.90567800,"694 Queen’s Drive, Stoneycroft",Liverpool,Merseyside,L13 5UH,,
The Chequers Inn,52.45497700,-2.14375800,96 High Street,Stourbridge,West Midlands,DY8 1EQ,,
The Willow Tree,52.18549200,0.99902700,101 Ipswich Street,Stowmarket,Suffolk,IP14 1BB,,
Goldengrove,51.54375100,0.00399800,146–148 The Grove,Stratford,Newham,E15 1NS,,
The Golden Bee,52.19159600,-1.70568000,41–42 Sheep Street,Stratford-upon-Avon,Warwickshire,CV37 6EE,,
The Holland Tringham,51.43017400,-0.12982300,107–109 Streatham High Road,Streatham,Lambeth,SW16 1HJ,,
The Lantokay,51.12583500,-2.74146000,111–113 High Street,Street,Somerset,BA16 0EY,,
The Bishop Blaize,53.46118500,-2.28911600,708 Chester Road,Stretford,Manchester,M32 0SF,,
The Lord John,51.74479300,-2.21812500,15–17 Russell Street,Stroud,Gloucestershire,GL5 3AA,,
Grover & Allen,52.04077700,0.73015400,68–69 North Street,Sudbury,Suffolk,CO10 1RF,,
The Cooper Rose,54.90340800,-1.38790100,2–4 Albion Place,Sunderland,Tyne and Wear,SR1 3NG,,
The William Jameson,54.90462600,-1.38105200,30–32 Fawcett Street,Sunderland,Tyne and Wear,SR1 1RH,,
The Coronation Hall,51.39352100,-0.30370500,St Mark’s Hill,Surbiton,Kingston upon Thames,KT6 4LQ,,
The Moon on the Hill,51.36189400,-0.19325500,5–9 Hill Road,Sutton,Sutton,SM1 1DZ,,
The Bottle of Sack,52.56025200,-1.82551100,2 Birmingham Road,Sutton Coldfield,West Midlands,B72 1QG,,
The Bishop Vesey,52.54852800,-1.84108800,"63 Boldmere Road, Boldmere",Sutton Coldfield,West Midlands,B73 5XA,,
The Picture House,53.12617400,-1.26132500,Fox Street,Sutton-in-Ashfield,Nottinghamshire,NG17 1DA,,
The Sir Nigel Gresley,52.77430800,-1.55780500,Market Street,Swadlincote,Derbyshire,DE11 0AD,,
The Mardy Inn,51.66900000,-4.03764500,"117 High Street, Gorseinon",Swansea,Swansea,SA4 4BR,,
The Red Lion Inn,51.66863500,-3.92265400,"49 Sway Road, Morriston",Swansea,Swansea,SA6 6JA,,
The Bank Statement,51.61937500,-3.94048700,57–58 Wind Street,Swansea,Swansea,SA1 1EP,,
The Potters Wheel,51.61924500,-3.94949200,85–86 The Kingsway,Swansea,Swansea,SA1 5JE,,
The Sir Daniel Arms,51.56232400,-1.78763700,Fleet Street,Swindon,Wiltshire,SN1 1RQ,,
The Dockle Farmhouse,51.57486000,-1.75427900,2 Bridge End Road,Swindon,Wiltshire,SN3 4PD,,
The Savoy,51.56001000,-1.78267100,38–40 Regent Street,Swindon,Wiltshire,SN1 1JL,,
The Old Borough,53.45639200,-6.22207200,72 Main Street,Swords,County Dublin,K67 E6W7,,
The Bole Bridge,52.63314000,-1.69154400,8 Bolebridge Street,Tamworth,Staffordshire,B79 7PA,,
The Perkin Warbeck,51.01471500,-3.09949200,22–23 East Street,Taunton,Somerset,TA1 3LP,,
The Queen’s Head Hotel,50.54968100,-4.14677400,79–80 West Street,Tavistock,Devon,PL19 8AQ,,
The Jolie Brise,50.54706600,-3.49449000,9–15 Station Road,Teignmouth,Devon,TQ14 8PE,,
The Thomas Botfield,52.67561700,-2.44565900,"Central Square, Telford Shopping Centre",Telford,Telford & Wrekin,TF3 4BW,,
The Royal Hop Pole,51.99195500,-2.15858600,94 Church Street,Tewkesbury,Gloucestershire,GL20 5RS,,
The Red Lion,52.41342900,0.75048900,Market Place,Thetford,Norfolk,IP24 2AL,,
The Three Tuns,54.23258300,-1.34139300,54 Market Place,Thirsk,North Yorkshire,YO7 1LH,,
The White Ball Inn,50.90293900,-3.49081800,8 Bridge Street,Tiverton,Devon,EX16 5LY,,
The Humphrey Bean,51.19513100,0.27450800,94 High Street,Tonbridge,Kent,TN9 1AP,,
J.J. Moon’s,51.42784700,-0.16842600,56a High Street,Tooting,Wandsworth,SW17 0RN,,
The Green Ginger,50.46214600,-3.52552500,"Lower Ground Floor, Winter Garden, Fleet Walk",Torquay,Devon,TQ2 5DZ,,
The Pommelers Rest,51.50236600,-0.07733400,196–198 Tower Bridge Road,Tower Bridge,Southwark,SE1 2UN,,
The Goodman’s Field,51.51149400,-0.07285800,87–91 Mansell Street ,Tower Hamlets,London,E1 8AL,,
The Liberty Bounds,51.50969500,-0.07856300,"15 Trinity Square, Tower Hill",City of London,City of London,EC3N 4AA,,
The Olympia,51.77116500,-3.24515100,Morgan Street,Tredegar,Blaenau Gwent,NP22 3ND,,
The Albany Palace,51.32000400,-2.20640500,1 Park Road,Trowbridge,Wiltshire,BA14 8AQ,,
Try Dowr,50.26218900,-5.05030800,Lemon Quay,Truro,Cornwall,TR1 2LW,,
The William Webb Ellis,51.44759100,-0.32853000,24 London Road,Twickenham,Richmond upon Thames,TW1 3RR,,
The Tim Bobbin,53.44821200,-2.35719600,41 Flixton Road,Urmston,Manchester,M41 5AN,,
The Old Swan,52.89796000,-1.86326600,Market Place,Uttoxeter,Staffordshire,ST14 8HN,,
The Good Yarn,51.54778500,-0.48084300,132 High Street,Uxbridge,Hillingdon,UB8 1JX,,
The Willow Walk,51.49502500,-0.14253000,25 Wilton Road,Victoria,Westminster,SW1V 1LW,,
Wetherspoons,51.49529500,-0.14440800,"Victoria station concourse, (1st floor above WHSmith)",Victoria,Westminster,SW1V 1JT,,
The Six Chimneys,53.68291900,-1.49434600,41–43 Kirkgate,Wakefield,West Yorkshire,WF1 1HX,,
The Clairville,53.41972800,-3.04712500,48 Wallasey Road,Wallasey,Merseyside,CH45 4NW,,
The Whispering Moon,51.36006600,-0.14960700,"25 Ross Parade, Woodcote Road",Wallington,Croydon,SM6 8QF,,
The Ritz,54.99050000,-1.53699600,87–93 High Street West ,Wallsend ,Tyne and Wear,NE28 8JD,,
St. Matthew’s Hall,52.58518800,-1.97981200,"Old Court House, Lichfield Street",Walsall,West Midlands,WS1 1SX,,
The Moon and Cross,51.68494500,-0.03276800,104–106 High Street,Waltham Cross,Hertfordshire,EN8 7BX,,
The Bath Arms,51.20475800,-2.18007100,41 Market Place,Warminster,Wiltshire,BA12 9AZ,,
The Friar Penketh,53.38716300,-2.59343600,"4 Barbauld Street, Friars Gate",Warrington,Cheshire,WA1 1EX,,
The Thomas Lloyd,52.28228000,-1.59025200,3–7 Market Place,Warwick,Warwickshire,CV34 4SA,,
The Sir William de Wessyngton,54.91265800,-1.52299200,"2–3 Victoria Road, Concord",Washington,Tyne and Wear,NE37 2SY,,
The Denmead Queen,50.88077200,-1.03062600,"8–9 Queens Parade, 121–123 London Road",Waterlooville,Hampshire,PO7 7EB,,
"The Moon Under Water, Watford",51.65647500,-0.39783000,44 High Street,Watford,Hertfordshire,WD17 2BS,,
The Church House,53.50218600,-1.34541200,Montgomery Square,Wath-upon-Dearne,South Yorkshire,S63 7RZ,,
The Bellwether,52.55324800,-2.01899700,3–4 Walsall Street,Wednesbury,West Midlands,WS10 9BZ,,
The Royal Tiger,52.60029200,-2.08189100,41–43 The High Street,Wednesfield,West Midlands,WV11 1ST,,
The New Cross Turnpike ,51.46294700,0.10390900,55 Bellegrove Road,Welling,Bexley,DA16 3PB,,
The Red Well,52.30167300,-0.69528700,16 Silver Street,Wellingborough,Northamptonshire,NN8 1BD,,
The Iron Duke,50.97875600,-3.22755300,"Town Hall Buildings, Fore Street",Wellington,Somerset,TA21 8LS,,
The William Withering,52.70059500,-2.51703800,43–45 New Street,Wellington,Shropshire,TF1 1LU,,
The Quarter Jack,51.20704900,-2.64910500,18 Priory Road,Wells,Somerset,BA5 1SY,,
J.J. Moon’s,51.55358900,-0.29281100,397 High Road,Wembley,Brent,HA9 6AA,,
The Montagu Pyke,51.51405300,-0.12974000,"105–107 Charing Cross Road, also at: 20 Greek Street",Westminster,Westminster,WC2H 0BP,,
"The Moon Under Water, Westminster",51.51026600,-0.12942400,28 Leicester Square,Westminster,Westminster,WC2H 7LE,,
The Dee Hotel,53.37281800,-3.18244700,44 Grange Road,West Kirby,Merseyside,CH48 4EF,,
The Robert Shaw,53.54886700,-2.52238500,34–40 Market Street,Westhoughton,Greater Manchester,BL5 3AN,,
Cabot Court Hotel,51.35051800,-2.98255300,Knightstone Road,Weston-super-Mare,Somerset,BS23 2AH,,
The Angel Inn,53.92826347,-1.38534481,30 High Street,Wetherby,West Yorkshire,LS22 6LT,,
The William Henry,50.61157400,-2.45426000,1 Frederick Place,Weymouth,Dorset,DT4 8HQ,,
The Swan ,50.60813500,-2.45510600,41–43 St Thomas Street,Weymouth,Dorset,DT4 8EH,,
The Harry Clasper,54.94586500,-1.67335700,Front Street,Whickham,Tyne and Wear,NE16 4HF,,
The Angel Hotel,54.48601500,-0.61377800,1 New Quay Road,Whitby,North Yorkshire,YO21 1DH ,,
The Bransty Arch,54.55093800,-3.58717500,Bransty Row,Whitehaven,Cumbria,CA28 7XE,,
The Fire Station,55.04251500,-1.44507600,18 York Road,Whitley Bay,Tyne and Wear,NE26 1AB,,
The Peter Cushing,51.35654000,1.02423100,16–18 Oxford Street,Whitstable,Kent,CT5 1DD,,
The Premier,53.37040000,-2.72438300,93–99 Albert Road,Widnes,Cheshire,WA8 6JS,,
The Brocket Arms ,53.55693100,-2.63442100,38 Mesnes Road,Wigan,Greater Manchester,WN1 2DD,,
"The Moon Under Water, Wigan",53.54590500,-2.63171400,5–7a Market Place,Wigan,Greater Manchester,WN1 1PE,,
The William Wygston,52.58773600,-1.10555600,84 Leicester Road,Wigston,Leicestershire,LE18 1DR,,
The Wibbas Down Inn,51.41916600,-0.20266100,6–12 Gladstone Road,Wimbledon,Merton,SW19 1QT,,
The Man in the Wall ,50.80082800,-1.98834700,10 West Borough,Wimborne,Dorset,BH21 1NF,,
The Old Gaolhouse,51.06382000,-1.31628800,11a Jewry Street,Winchester,Hampshire,SO23 8RZ,,
The King and Castle,51.48365700,-0.60867900,15–16 Thames Street,Windsor,Berkshire,SL4 1PL,,
The Queens Arms,53.19131100,-2.53020400,Dene Drive,Winsford,Cheshire,CW7 1AT,,
The Wheatsheaf Inn,52.66323400,0.16296500,18–22 Church Terrace,Wisbech,Cambridgeshire,PE13 1BL,,
The Wishaw Malt,55.77417000,-3.91806000,62–66 Kirk Road,Wishaw,North Lanarkshire,ML2 7BL,,
The Battesford Court,51.79823400,0.63787100,100–102 Newland Street,Witham,Essex,CM8 1AH,,
The Company of Weavers,51.78360300,-1.48490800,31 Market Square,Witney,Oxfordshire,OX28 6AD,,
The Herbert Wells,51.32056700,-0.55547000,51–57 Chertsey Road,Woking,Surrey,GU21 5AJ,,
"The Moon Under Water, Wolverhampton",52.58674700,-2.12417100,53–55 Lichfield Street,Wolverhampton,West Midlands,WV1 1EQ,,
The Horseshoe,53.52257300,-1.39863400,30 High Street,Wombwell,South Yorkshire,S73 0AA,,
Spouter’s Corner,51.59697400,-0.10870800,"180 High Road, 180 High Road",Wood Green,Haringey,N22 6EJ,,
The Great Harry,51.48997500,0.06691700,7–9 Wellington Street,Woolwich,Greenwich,SE18 6PQ,,
The Crown,52.19286500,-2.22212000,Crown Passage,Worcester,Worcestershire,WR1 3LL,,
The Henry Bessemer,54.64307600,-3.54804500,New Oxford Street,Workington,Cumbria,CA14 2NA,,
The Liquorice Gardens,53.30427400,-1.12360900,1a Newcastle Street,Worksop,Nottinghamshire,S80 2AS,,
The Three Fishes,50.81329000,-0.37070600,56 Chapel Road,Worthing,West Sussex,BN11 1BE,,
The Elihu Yale,53.04707400,-2.99705100,44–46 Regent Street,Wrexham,Wrexham,LL11 1RR,,
Thorn’s Farm,51.53925800,-2.41326000,11–17 South Parade,Yate,South Gloucestershire,BS37 4BB,,
The William Dampier,50.94161600,-2.62626900,97 Middle Street,Yeovil,Somerset,BA20 1LN,,
The Punch Bowl,53.95562000,-1.09100400,5–9 Blossom Street,York,North Yorkshire,YO24 1AU,,
The Postern Gate,53.95448800,-1.07718600,90 Piccadilly,York,North Yorkshire,YO1 9NX,,
The Five Stones,54.18971400,-0.28230400,"Haven, Primrose Valley Holiday Park, Primrose Valley",Filey,North Yorkshire,YO14 9RF,,
The Sir Thomas Haggerston,55.68629442,-1.93405143,"Haven, Haggerston Castle Holiday Park, Haggerston",Berwick-upon-Tweed,Northumberland,TD15 2PA,,
The Humber Stone,53.53384985,0.00435627,"Haven, Cleethorpes Beach ",Cleethorpes,Lincolnshire,DN35 0PW,,
The Red Rocks,50.61492747,-3.36673932,"Haven, Devon Cliffs Holiday Park, Sandy Bay",Exmouth,Devon,EX8 5BT,,
The London Stone,51.47734493,0.64472360,"Haven, Kent Coast, Allhallows-on-Sea",Rochester,Kent,ME3 9QD,,
